product_a,product_b,orders_together
CraftHaus Furniture 0248,Luma Bags 0313,37
Elm & Co Cookware 0355,Luma Bags 0313,32
Luma Bags 0313,Nexora Phones 0635,31
Elm & Co Cookware 0111,Luma Bags 0313,30
Luma Bags 0313,NorthStitch Accessories 0074,28
Nexora Phones 0635,Walkway Footwear 0332,26
Kiva Decor 0670,Luma Bags 0313,26
Luma Bags 0313,Walkway Footwear 0332,26
Luma Bags 0313,Walkway Bags 0077,25
CraftHaus Appliances 0584,Luma Bags 0313,25
Elm & Co Cookware 0111,Nexora Phones 0635,25
Elm & Co Cookware 0522,Luma Bags 0313,24
Aster Phones 0671,Luma Bags 0313,23
Luma Bags 0313,ZenByte Laptops 0086,23
CraftHaus Furniture 0248,Nexora Phones 0635,23
Auren Skincare 0448,Nexora Phones 0635,22
CraftHaus Furniture 0248,Elm & Co Cookware 0355,22
Aster Phones 0671,Elm & Co Cookware 0111,22
Luma Bags 0313,UrbanThread Men Apparel 0517,22
Aster Phones 0671,Nexora Phones 0635,22
Luma Bags 0313,Walkway Bags 0731,22
Aster Laptops 0768,Luma Bags 0313,22
UrbanThread Accessories 0454,Walkway Footwear 0332,21
Luma Bags 0313,UrbanThread Footwear 0694,21
CraftHaus Appliances 0533,Luma Bags 0313,21
Luma Bags 0313,ZenByte Phones 0404,21
Aster Laptops 0768,Nexora Phones 0635,21
BrightNest Furniture 0626,CraftHaus Furniture 0248,21
Luma Bags 0313,Nexora Laptops 0209,21
CraftHaus Furniture 0248,NorthStitch Accessories 0074,21
Elm & Co Cookware 0111,UrbanThread Accessories 0454,20
CraftHaus Appliances 0584,CraftHaus Furniture 0248,20
BrightNest Furniture 0624,Luma Bags 0313,20
Luma Women Apparel 0738,Nexora Phones 0635,20
Luma Bags 0313,Walkway Bags 0588,19
Nexora Phones 0635,UrbanThread Accessories 0454,19
Elm & Co Cookware 0522,UrbanThread Accessories 0454,19
CraftHaus Appliances 0584,UrbanThread Accessories 0454,19
GreenFarm Snacks 0132,Luma Bags 0313,19
Luma Bags 0313,NorthStitch Accessories 0557,19
Luma Bags 0313,PulseTech Audio 0258,18
Nexora Phones 0635,ZenByte Phones 0404,18
CraftHaus Furniture 0248,UrbanThread Men Apparel 0517,18
Luma Bags 0313,PulseTech Phones 0294,18
Elm & Co Cookware 0522,NorthStitch Accessories 0074,18
Elm & Co Cookware 0522,PulseTech Accessories 0424,18
Elm & Co Cookware 0355,Nexora Phones 0635,18
CraftHaus Furniture 0248,Elm & Co Cookware 0111,18
Elm & Co Cookware 0111,Orbit Phones 0050,18
Auren Makeup 0344,Luma Bags 0313,18
