customer_id,customer_name,valid_orders,revenue,last_purchase_date,recency_days,churn_status
C0000640,Fatima Garcia,12,16764.01,2025-05-14,232,At Risk
C0017094,Ravi Taylor,17,16367.64,2025-06-27,188,At Risk
C0003146,Isabella Chen,12,15822.03,2025-01-19,347,At Risk
C0006541,Camila Patel,19,15317.25,2025-05-11,235,At Risk
C0015113,Mia Johnson,22,15198.78,2025-05-02,244,At Risk
C0016793,Aarav Chen,10,14574.82,2024-12-26,371,Lost
C0043194,Maya Chen,9,14211.96,2025-04-15,261,At Risk
C0041100,Sofia Garcia,12,13785.61,2025-05-14,232,At Risk
C0040288,Camila Thomas,11,13560.61,2025-05-10,236,At Risk
C0014395,Camila Johnson,10,13408.39,2025-05-04,242,At Risk
C0043819,Aisha Garcia,8,13281.81,2025-03-03,304,At Risk
C0038443,Sofia Sharma,8,12846.58,2025-06-08,207,At Risk
C0032687,Noah Singh,10,12269.83,2025-06-24,191,At Risk
C0007900,Sofia Thomas,6,12010.46,2025-07-03,182,At Risk
C0040538,Grace Robinson,6,11842.48,2025-05-29,217,At Risk
C0009625,Ethan Martinez,5,11731.04,2025-02-19,316,At Risk
C0004144,Aisha Robinson,11,11589.82,2025-03-20,287,At Risk
C0032397,Ethan Gupta,16,11548.29,2025-05-14,232,At Risk
C0020469,Daniel Gupta,11,11450.34,2025-02-22,313,At Risk
C0014043,Grace Anderson,9,11448.86,2024-08-19,500,Lost
C0023042,Alex Smith,14,11424.9,2025-03-06,301,At Risk
C0015845,Theo Lee,11,11244.81,2025-04-16,260,At Risk
C0034547,Ethan Smith,12,11069.84,2025-06-23,192,At Risk
C0047218,Alex Garcia,3,11001.23,2024-12-19,378,Lost
C0018819,Fatima Garcia,12,10991.45,2025-06-16,199,At Risk
C0030493,Kai Kim,11,10947.51,2025-06-06,209,At Risk
C0011062,James Miller,11,10870.45,2025-03-09,298,At Risk
C0038159,Fatima Kim,10,10833.18,2024-10-13,445,Lost
C0015008,Liam Kim,7,10757.9,2025-07-01,184,At Risk
C0046606,Kai Anderson,4,10518.6,2025-06-09,206,At Risk
C0020759,Alex Sharma,8,10489.43,2025-06-22,193,At Risk
C0039009,Mia Miller,2,10448.17,2024-09-02,486,Lost
C0010667,Aarav Singh,10,10350.55,2025-06-08,207,At Risk
C0048970,Daniel Robinson,2,10266.19,2025-03-26,281,At Risk
C0013251,Aria Thomas,11,10200.93,2024-11-01,426,Lost
C0020862,Ethan Lee,6,10195.61,2024-08-05,514,Lost
C0035441,Hannah Miller,9,10148.72,2025-04-12,264,At Risk
C0023210,James Patel,10,10144.04,2025-02-04,331,At Risk
C0032643,Liam Chen,6,10094.54,2024-10-11,447,Lost
C0009831,Zara Khan,2,10000.62,2024-12-17,380,Lost
C0046253,Benjamin Anderson,5,9899.46,2025-02-07,328,At Risk
C0049037,Maya Lee,8,9884.47,2024-12-14,383,Lost
C0031757,Camila Sharma,9,9840.98,2025-06-08,207,At Risk
C0009971,Zara Thomas,9,9824.25,2024-11-02,425,Lost
C0026284,Aisha Thomas,11,9815.08,2025-04-13,263,At Risk
C0017001,Sofia Sharma,5,9736.35,2024-09-25,463,Lost
C0001266,Ethan Robinson,8,9533.13,2025-04-12,264,At Risk
C0044049,Zara Robinson,8,9521.37,2025-04-23,253,At Risk
C0031963,Theo Wilson,10,9465.11,2025-03-24,283,At Risk
C0027292,Aria Miller,6,9448.15,2025-06-30,185,At Risk
C0002541,Hannah Smith,7,9441.89,2024-10-18,440,Lost
C0041915,Daniel Davis,3,9436.04,2025-01-18,348,At Risk
C0006033,Isabella Robinson,6,9412.44,2024-11-22,405,Lost
C0036914,Alex Brown,16,9404.97,2025-06-28,187,At Risk
C0023893,Mia Kim,5,9368.05,2025-03-30,277,At Risk
C0040799,Aisha Miller,9,9296.1,2024-12-21,376,Lost
C0019479,Aarav Miller,8,9249.77,2025-04-02,274,At Risk
C0005894,Noah Martinez,4,9243.91,2024-12-28,369,Lost
C0047805,James Anderson,6,9184.39,2025-03-14,293,At Risk
C0011583,Priya Davis,11,9166.8,2025-04-30,246,At Risk
C0043511,Fatima Robinson,6,9165.77,2025-03-31,276,At Risk
C0047677,Noah Miller,6,9158.74,2025-04-14,262,At Risk
C0042410,Noah Khan,10,9155.9,2025-06-18,197,At Risk
C0015282,Noah Martinez,8,9139.41,2025-02-22,313,At Risk
C0036991,Zara Miller,10,9106.37,2025-04-13,263,At Risk
C0020029,Mia Miller,7,9058.03,2025-06-18,197,At Risk
C0008874,Grace Wilson,10,9025.98,2025-05-07,239,At Risk
C0026735,Aarav Smith,15,9019.7,2025-06-15,200,At Risk
C0000295,Alex Smith,2,8951.88,2025-01-27,339,At Risk
C0006810,James Garcia,6,8921.05,2024-12-19,378,Lost
C0024851,James Garcia,3,8894.94,2024-12-06,391,Lost
C0012672,Theo Wilson,7,8889.76,2025-06-02,213,At Risk
C0044398,Priya Chen,7,8829.04,2025-03-17,290,At Risk
C0047010,Kai Wilson,9,8798.32,2025-05-27,219,At Risk
C0003390,Noah Gupta,12,8762.19,2025-04-04,272,At Risk
C0016176,Amelia Garcia,10,8723.76,2025-06-30,185,At Risk
C0045277,Ravi Kim,11,8722.51,2025-04-30,246,At Risk
C0041952,Sofia Wilson,5,8680.38,2025-06-17,198,At Risk
C0032585,Isabella Chen,5,8671.42,2024-11-22,405,Lost
C0038697,Daniel Anderson,7,8651.45,2025-04-01,275,At Risk
C0045199,Grace Sharma,11,8594.95,2025-06-07,208,At Risk
C0036184,Theo Smith,4,8542.45,2025-05-13,233,At Risk
C0027889,Benjamin Thomas,9,8537.75,2025-06-27,188,At Risk
C0000494,Ravi Singh,7,8530.18,2024-12-27,370,Lost
C0045707,Grace Brown,11,8483.76,2025-05-24,222,At Risk
C0015976,Aria Thomas,6,8398.72,2025-04-09,267,At Risk
C0031887,Isabella Taylor,10,8398.26,2025-04-30,246,At Risk
C0001047,Theo Johnson,9,8392.08,2024-07-15,535,Lost
C0000835,Theo Anderson,7,8384.65,2025-05-18,228,At Risk
C0031671,Grace Smith,6,8379.93,2024-10-20,438,Lost
C0029152,Isabella Garcia,3,8312.22,2023-12-10,753,Lost
C0033114,Aisha Anderson,6,8242.96,2025-01-15,351,At Risk
C0014873,Hannah Wilson,2,8231.48,2023-09-14,840,Lost
C0036398,Alex Khan,7,8127.39,2025-02-22,313,At Risk
C0021556,Camila Thomas,5,8124.59,2025-06-21,194,At Risk
C0009732,Hannah Brown,5,8072.25,2024-12-02,395,Lost
C0044646,Grace Kim,6,8072.01,2024-06-03,577,Lost
C0018418,James Gupta,12,8064.23,2025-05-11,235,At Risk
C0022611,Liam Kim,2,8058.28,2025-06-13,202,At Risk
C0006719,Ethan Gupta,3,8057.47,2025-05-19,227,At Risk
C0043933,Aria Smith,5,8000.62,2025-04-18,258,At Risk
C0005826,Maya Sharma,7,7977.36,2025-04-01,275,At Risk
C0024219,Noah Miller,12,7971.11,2025-06-22,193,At Risk
C0030288,Olivia Lee,7,7967.49,2025-04-12,264,At Risk
C0030656,Aarav Wilson,7,7964.97,2025-06-27,188,At Risk
C0003631,Liam Taylor,3,7961.04,2023-11-25,768,Lost
C0041297,Aarav Garcia,2,7960.46,2025-04-11,265,At Risk
C0009142,Liam Taylor,9,7941.48,2025-06-08,207,At Risk
C0003072,Noah Brown,3,7919.75,2024-10-16,442,Lost
C0024637,Aisha Khan,6,7880.92,2025-02-20,315,At Risk
C0010475,Benjamin Robinson,5,7867.42,2024-09-24,464,Lost
C0002863,Aarav Davis,4,7803.63,2025-05-31,215,At Risk
C0046555,Grace Gupta,6,7791.64,2025-06-08,207,At Risk
C0048127,Alex Kim,12,7781.46,2025-03-25,282,At Risk
C0011831,Hannah Garcia,9,7762.68,2025-06-08,207,At Risk
C0004010,Aisha Sharma,7,7752.76,2024-10-30,428,Lost
C0045761,Aria Kim,11,7748.5,2025-06-23,192,At Risk
C0014263,Daniel Gupta,4,7722.83,2024-10-07,451,Lost
C0025103,Daniel Khan,3,7703.35,2025-05-21,225,At Risk
C0028928,Hannah Singh,5,7697.66,2025-06-15,200,At Risk
C0048890,Aria Sharma,4,7684.1,2025-06-30,185,At Risk
C0019121,Alex Chen,4,7681.04,2025-04-28,248,At Risk
C0029355,Ravi Lee,7,7650.2,2025-06-27,188,At Risk
C0023552,Ravi Anderson,7,7648.91,2025-07-02,183,At Risk
C0001635,Noah Singh,2,7622.46,2025-06-05,210,At Risk
C0034306,Ravi Thomas,6,7616.38,2025-04-19,257,At Risk
C0018476,Maya Chen,6,7600.03,2025-04-18,258,At Risk
C0000177,Amelia Brown,7,7589.42,2024-09-02,486,Lost
C0011397,Aisha Patel,7,7562.93,2025-06-09,206,At Risk
C0009549,Alex Smith,7,7562.29,2024-09-14,474,Lost
C0034857,Fatima Thomas,12,7549.97,2025-06-29,186,At Risk
C0034579,Grace Brown,3,7535.13,2025-06-18,197,At Risk
C0013601,Aisha Gupta,6,7518.77,2025-06-20,195,At Risk
C0038822,Ravi Gupta,8,7492.04,2025-04-02,274,At Risk
C0043970,Benjamin Brown,10,7462.5,2024-12-04,393,Lost
C0012485,Camila Johnson,6,7454.57,2025-03-17,290,At Risk
C0027469,Ethan Sharma,5,7435.54,2025-01-29,337,At Risk
C0031888,Ethan Chen,3,7416.15,2025-07-02,183,At Risk
C0026016,Hannah Thomas,2,7414.67,2025-04-23,253,At Risk
C0016235,Ethan Sharma,7,7380.11,2025-05-14,232,At Risk
C0014638,Mia Lee,6,7346.71,2025-04-13,263,At Risk
C0022927,Benjamin Sharma,10,7330.97,2025-06-21,194,At Risk
C0035736,Noah Gupta,12,7325.62,2025-06-06,209,At Risk
C0000215,Aisha Robinson,5,7317.98,2025-03-07,300,At Risk
C0028465,Aarav Johnson,2,7317.54,2024-10-30,428,Lost
C0045949,Amelia Chen,6,7305.22,2024-12-24,373,Lost
C0024479,Zara Singh,2,7274.36,2025-03-21,286,At Risk
C0025511,Camila Lee,8,7264.79,2025-07-03,182,At Risk
C0030889,Isabella Smith,10,7242.59,2025-05-31,215,At Risk
C0020317,Grace Miller,13,7238.2,2024-12-11,386,Lost
C0019137,Camila Kim,2,7231.33,2024-01-16,716,Lost
C0003860,Aisha Sharma,7,7210.6,2025-01-05,361,At Risk
C0019733,Ethan Kim,5,7209.02,2024-11-02,425,Lost
C0007445,Camila Brown,6,7197.89,2025-07-01,184,At Risk
C0009920,Liam Martinez,5,7190.85,2025-02-03,332,At Risk
C0033170,Mia Davis,13,7175.11,2025-04-30,246,At Risk
C0024358,Daniel Brown,5,7174.97,2025-06-16,199,At Risk
C0022246,Amelia Singh,6,7172.68,2025-04-17,259,At Risk
C0016949,Kai Sharma,12,7166.08,2025-05-25,221,At Risk
C0033997,Theo Robinson,5,7157.38,2025-02-01,334,At Risk
C0015446,Kai Sharma,6,7152.43,2024-12-08,389,Lost
C0031245,Maya Miller,13,7147.24,2025-05-02,244,At Risk
C0001472,Noah Gupta,3,7143.87,2024-12-24,373,Lost
C0018258,Kai Brown,6,7140.81,2025-03-20,287,At Risk
C0029568,Aisha Sharma,5,7139.13,2025-03-15,292,At Risk
C0047363,Fatima Anderson,7,7099.2,2025-06-01,214,At Risk
C0018397,Hannah Lee,6,7094.11,2025-03-03,304,At Risk
C0005730,James Brown,6,7085.28,2025-06-20,195,At Risk
C0008245,Theo Davis,10,7082.66,2025-05-17,229,At Risk
C0041197,Zara Davis,4,7076.15,2025-05-25,221,At Risk
C0042454,Ethan Gupta,11,7026.83,2025-05-12,234,At Risk
C0023270,Noah Thomas,11,7019.45,2025-06-04,211,At Risk
C0007134,Aarav Robinson,9,6968.5,2025-06-01,214,At Risk
C0028221,James Thomas,6,6956.98,2024-12-31,366,Lost
C0029016,Daniel Wilson,9,6944.72,2025-04-23,253,At Risk
C0002929,Daniel Johnson,9,6910.56,2025-01-23,343,At Risk
C0032528,Ravi Chen,4,6909.69,2025-04-15,261,At Risk
C0046525,Sofia Thomas,6,6907.92,2025-06-26,189,At Risk
C0043317,Noah Chen,4,6897.61,2024-07-16,534,Lost
C0049565,Liam Davis,6,6894.75,2025-07-01,184,At Risk
C0011700,Aarav Miller,4,6893.79,2023-12-25,738,Lost
C0007537,Camila Martinez,5,6890.18,2024-12-14,383,Lost
C0016011,Grace Thomas,5,6888.63,2025-04-08,268,At Risk
C0022267,Noah Wilson,4,6883.2,2024-12-12,385,Lost
C0005762,Aisha Robinson,7,6880.78,2024-11-28,399,Lost
C0037021,Priya Chen,11,6869.61,2025-06-21,194,At Risk
C0003371,Priya Robinson,5,6864.16,2024-06-21,559,Lost
C0014372,Fatima Sharma,5,6863.5,2025-03-10,297,At Risk
C0011659,Mia Thomas,3,6862.24,2024-06-02,578,Lost
C0003745,Kai Smith,5,6861.33,2025-05-21,225,At Risk
C0031087,Kai Smith,11,6848.66,2025-05-16,230,At Risk
C0047506,Alex Kim,7,6842.15,2025-04-16,260,At Risk
C0032577,Zara Davis,6,6819.03,2025-04-18,258,At Risk
C0024809,Amelia Sharma,2,6816.17,2025-03-28,279,At Risk
C0035046,Hannah Martinez,4,6809.66,2025-06-09,206,At Risk
C0035815,Aria Martinez,3,6782.01,2025-01-13,353,At Risk
C0038072,Alex Davis,11,6780.18,2025-06-04,211,At Risk
C0011820,Ravi Davis,3,6758.66,2025-05-09,237,At Risk
C0013667,Aria Sharma,5,6758.52,2025-05-23,223,At Risk
C0036135,Noah Lee,3,6754.33,2025-04-21,255,At Risk
C0040455,Maya Anderson,3,6742.55,2024-08-28,491,Lost
C0004883,Mia Smith,2,6736.59,2024-11-20,407,Lost
C0010926,Camila Thomas,6,6728.24,2025-02-21,314,At Risk
C0024476,Isabella Gupta,11,6710.16,2025-06-28,187,At Risk
C0010417,Camila Sharma,2,6703.56,2025-04-19,257,At Risk
C0024593,Priya Davis,9,6701.41,2025-06-03,212,At Risk
C0014874,Ethan Johnson,8,6674.33,2025-06-24,191,At Risk
C0009721,Kai Garcia,7,6670.08,2025-01-04,362,At Risk
C0034830,Sofia Sharma,2,6642.45,2024-07-27,523,Lost
C0019224,Isabella Patel,4,6617.87,2025-06-29,186,At Risk
C0042616,Mia Davis,5,6614.64,2025-03-17,290,At Risk
C0036273,Liam Davis,8,6610.51,2025-04-15,261,At Risk
C0041934,Aarav Kim,2,6607.08,2024-10-11,447,Lost
C0001845,Noah Gupta,4,6605.77,2024-11-13,414,Lost
C0046040,Maya Miller,3,6561.7,2024-03-25,647,Lost
C0037160,Priya Anderson,4,6553.62,2025-03-02,305,At Risk
C0022115,Fatima Wilson,2,6550.05,2024-07-10,540,Lost
C0035030,James Martinez,4,6519.64,2025-05-08,238,At Risk
C0000976,Alex Thomas,2,6517.14,2024-11-07,420,Lost
C0016750,Aria Wilson,12,6512.02,2025-04-19,257,At Risk
C0032356,Priya Singh,9,6507.39,2025-04-09,267,At Risk
C0048892,Noah Robinson,5,6501.17,2025-06-30,185,At Risk
C0008789,Grace Patel,5,6499.21,2025-06-20,195,At Risk
C0011794,Maya Miller,7,6497.27,2025-05-25,221,At Risk
C0027701,Olivia Thomas,11,6481.72,2025-03-07,300,At Risk
C0019728,Hannah Davis,2,6475.39,2025-02-23,312,At Risk
C0014718,Benjamin Sharma,2,6468.15,2024-12-22,375,Lost
C0007188,Priya Singh,6,6445.5,2025-06-19,196,At Risk
C0014971,Olivia Patel,5,6445.44,2025-04-22,254,At Risk
C0016851,Olivia Sharma,11,6436.28,2025-03-18,289,At Risk
C0032464,Priya Wilson,5,6423.61,2024-12-14,383,Lost
C0009783,Alex Wilson,12,6411.32,2025-04-18,258,At Risk
C0008816,Mia Anderson,3,6391.97,2024-12-11,386,Lost
C0033863,Grace Smith,8,6389.38,2025-06-06,209,At Risk
C0016757,Daniel Chen,5,6379.75,2024-10-29,429,Lost
C0034975,Amelia Gupta,7,6378.75,2025-03-26,281,At Risk
C0008305,Mia Singh,3,6354.82,2025-06-25,190,At Risk
C0006849,Amelia Chen,6,6350.87,2025-05-20,226,At Risk
C0023540,Mia Chen,3,6346.83,2025-02-21,314,At Risk
C0035580,Theo Kim,2,6340.25,2024-12-06,391,Lost
C0030387,Alex Gupta,7,6339.55,2025-06-12,203,At Risk
C0004553,Maya Robinson,5,6338.35,2024-12-14,383,Lost
C0021114,Aarav Davis,8,6320.48,2025-02-28,307,At Risk
C0022781,Maya Sharma,7,6305.03,2025-04-13,263,At Risk
C0011223,Benjamin Johnson,3,6295.68,2025-06-14,201,At Risk
C0004640,Liam Chen,3,6293.81,2025-03-21,286,At Risk
C0036360,Kai Thomas,9,6283.41,2025-06-24,191,At Risk
C0020565,Mia Thomas,3,6280.16,2024-11-14,413,Lost
C0034458,Aarav Martinez,2,6278.86,2025-02-19,316,At Risk
C0035950,Priya Patel,12,6276.38,2025-04-25,251,At Risk
C0038195,Maya Anderson,10,6247.0,2025-06-10,205,At Risk
C0006195,Daniel Thomas,9,6245.75,2025-06-09,206,At Risk
C0045217,Kai Johnson,4,6243.58,2024-12-18,379,Lost
C0022449,Grace Sharma,6,6241.1,2024-11-12,415,Lost
C0038290,Priya Kim,2,6227.54,2025-05-06,240,At Risk
C0005435,Grace Smith,6,6224.66,2025-05-10,236,At Risk
C0037523,Amelia Smith,9,6211.12,2024-11-03,424,Lost
C0034278,Alex Brown,9,6203.04,2025-04-21,255,At Risk
C0003762,Daniel Kim,6,6200.54,2025-04-29,247,At Risk
C0032922,Olivia Singh,13,6184.51,2025-03-23,284,At Risk
C0027989,Sofia Martinez,8,6171.1,2025-05-11,235,At Risk
C0015877,Isabella Sharma,5,6161.71,2024-12-07,390,Lost
C0005862,Camila Chen,7,6161.45,2025-05-21,225,At Risk
C0049954,Ravi Wilson,5,6155.82,2024-12-10,387,Lost
C0016979,Ravi Taylor,9,6150.52,2025-04-25,251,At Risk
C0010290,Aisha Smith,3,6143.34,2025-02-01,334,At Risk
C0030006,Theo Singh,7,6133.63,2025-06-05,210,At Risk
C0040020,Priya Taylor,3,6129.17,2024-04-30,611,Lost
C0032619,Liam Taylor,2,6123.03,2024-07-16,534,Lost
C0031364,Sofia Miller,9,6119.82,2025-05-31,215,At Risk
C0040354,Aria Robinson,7,6115.08,2025-01-15,351,At Risk
C0009059,Noah Brown,7,6113.61,2025-06-19,196,At Risk
C0014233,Grace Chen,2,6113.36,2025-06-20,195,At Risk
C0049693,Grace Garcia,2,6112.25,2025-03-18,289,At Risk
C0039801,Liam Lee,5,6110.8,2024-10-06,452,Lost
C0032644,Ravi Gupta,5,6106.37,2024-11-05,422,Lost
C0001323,Priya Wilson,3,6103.03,2024-05-24,587,Lost
C0047667,Aisha Brown,7,6094.87,2024-12-09,388,Lost
C0016227,Daniel Gupta,6,6086.84,2025-06-27,188,At Risk
C0004819,Amelia Chen,4,6083.47,2024-01-10,722,Lost
C0022070,Ravi Robinson,5,6081.47,2025-05-19,227,At Risk
C0042880,Liam Miller,6,6081.31,2025-04-27,249,At Risk
C0007385,Isabella Robinson,2,6078.08,2025-06-09,206,At Risk
C0031710,Aria Patel,7,6076.85,2025-05-02,244,At Risk
C0049753,Olivia Martinez,4,6073.65,2024-09-12,476,Lost
C0049300,Benjamin Robinson,6,6067.31,2025-02-22,313,At Risk
C0020153,Zara Smith,3,6048.11,2025-05-02,244,At Risk
C0006187,Isabella Sharma,8,6045.04,2025-03-30,277,At Risk
C0037550,Isabella Wilson,4,6034.77,2025-05-28,218,At Risk
C0022917,Liam Anderson,3,6034.23,2025-03-15,292,At Risk
C0009573,Benjamin Patel,7,6032.6,2025-04-14,262,At Risk
C0029087,Zara Martinez,7,6024.07,2025-06-11,204,At Risk
C0000128,Kai Davis,13,6021.65,2025-06-26,189,At Risk
C0001566,Sofia Taylor,6,6010.76,2025-04-23,253,At Risk
C0047193,Aarav Robinson,8,6007.23,2025-05-21,225,At Risk
C0020203,Isabella Anderson,3,6007.2,2024-04-17,624,Lost
C0001034,Grace Lee,7,5991.92,2025-01-23,343,At Risk
C0042369,Ravi Garcia,3,5990.46,2024-05-03,608,Lost
C0046444,Maya Garcia,5,5978.37,2025-06-16,199,At Risk
C0012609,Ethan Robinson,7,5968.08,2025-07-03,182,At Risk
C0049086,Theo Gupta,7,5966.9,2025-02-16,319,At Risk
C0004674,Grace Garcia,2,5957.46,2025-06-11,204,At Risk
C0040119,Camila Singh,3,5956.59,2025-04-08,268,At Risk
C0022816,Aria Smith,6,5954.88,2025-04-17,259,At Risk
C0007765,Alex Patel,7,5952.77,2025-05-29,217,At Risk
C0020181,Daniel Martinez,2,5947.13,2025-06-15,200,At Risk
C0033230,Ethan Robinson,4,5936.11,2025-03-15,292,At Risk
C0010951,Daniel Anderson,7,5919.14,2025-04-16,260,At Risk
C0038934,Hannah Wilson,5,5912.26,2024-11-09,418,Lost
C0013925,Sofia Miller,3,5909.03,2025-04-06,270,At Risk
C0042184,Aarav Johnson,4,5907.51,2025-02-04,331,At Risk
C0037945,Priya Robinson,3,5905.67,2024-11-15,412,Lost
C0015116,Zara Patel,2,5903.35,2025-01-17,349,At Risk
C0033402,Theo Patel,9,5903.03,2025-06-12,203,At Risk
C0011704,Mia Khan,3,5889.5,2024-06-05,575,Lost
C0047031,Alex Miller,5,5886.16,2025-06-24,191,At Risk
C0039171,Hannah Wilson,9,5875.21,2025-01-31,335,At Risk
C0016216,Alex Gupta,2,5874.23,2024-12-21,376,Lost
C0035746,Ethan Miller,5,5869.45,2023-10-28,796,Lost
C0015485,Priya Gupta,5,5868.74,2025-05-28,218,At Risk
C0039875,James Martinez,8,5861.53,2025-05-23,223,At Risk
C0038613,Aisha Brown,3,5857.99,2025-04-16,260,At Risk
C0019125,Camila Sharma,5,5852.9,2025-03-12,295,At Risk
C0001481,Kai Miller,5,5851.26,2024-11-24,403,Lost
C0044999,Amelia Brown,7,5850.58,2025-01-19,347,At Risk
C0011953,Isabella Thomas,4,5848.44,2025-05-25,221,At Risk
C0044421,Sofia Smith,4,5847.1,2025-05-16,230,At Risk
C0043814,Amelia Khan,8,5846.93,2025-01-30,336,At Risk
C0011793,James Johnson,7,5840.71,2025-06-16,199,At Risk
C0027228,Liam Davis,7,5840.5,2025-06-26,189,At Risk
C0007296,Fatima Wilson,3,5838.11,2025-06-10,205,At Risk
C0022144,Sofia Lee,6,5832.07,2025-03-08,299,At Risk
C0042073,Sofia Brown,4,5826.43,2025-04-28,248,At Risk
C0040933,Priya Martinez,2,5823.06,2025-05-01,245,At Risk
C0041254,Kai Garcia,2,5813.97,2024-12-09,388,Lost
C0023099,Liam Brown,5,5812.8,2024-12-24,373,Lost
C0044354,Priya Kim,12,5812.39,2025-06-13,202,At Risk
C0037687,James Wilson,3,5798.58,2024-12-11,386,Lost
C0042136,Aria Lee,11,5797.08,2025-06-19,196,At Risk
C0022928,Aisha Robinson,7,5796.46,2025-02-08,327,At Risk
C0004892,Amelia Kim,6,5782.06,2025-06-01,214,At Risk
C0039791,Fatima Smith,2,5781.05,2025-04-19,257,At Risk
C0021625,Liam Martinez,6,5762.06,2024-12-13,384,Lost
C0010053,Benjamin Johnson,4,5758.98,2025-07-03,182,At Risk
C0001590,Daniel Lee,5,5758.05,2024-09-08,480,Lost
C0034222,Alex Miller,4,5754.04,2025-03-01,306,At Risk
C0006247,Kai Miller,5,5749.64,2025-05-11,235,At Risk
C0045889,James Martinez,3,5747.82,2025-03-17,290,At Risk
C0048682,Maya Thomas,3,5734.47,2023-12-09,754,Lost
C0033842,Kai Gupta,6,5731.45,2024-12-29,368,Lost
C0045389,Ravi Garcia,3,5729.14,2024-04-06,635,Lost
C0040946,Hannah Robinson,4,5727.01,2025-01-15,351,At Risk
C0021869,Liam Sharma,3,5722.27,2024-11-22,405,Lost
C0031327,Sofia Chen,3,5720.65,2024-12-08,389,Lost
C0030464,Olivia Robinson,4,5720.38,2024-08-16,503,Lost
C0032023,Isabella Singh,3,5711.85,2025-06-14,201,At Risk
C0012401,Olivia Khan,5,5704.08,2025-03-18,289,At Risk
C0025976,Hannah Martinez,3,5699.36,2025-02-28,307,At Risk
C0003675,Sofia Patel,2,5698.71,2024-08-06,513,Lost
C0041155,Mia Kim,5,5696.46,2025-01-09,357,At Risk
C0000160,Hannah Singh,6,5688.7,2025-02-14,321,At Risk
C0044905,Benjamin Lee,3,5677.52,2025-06-18,197,At Risk
C0019710,Aria Sharma,8,5674.62,2025-06-21,194,At Risk
C0012284,Priya Miller,6,5659.62,2025-06-30,185,At Risk
C0032631,Priya Khan,3,5655.27,2025-05-19,227,At Risk
C0044395,Liam Garcia,9,5650.2,2025-04-23,253,At Risk
C0013856,Sofia Robinson,8,5649.33,2025-05-21,225,At Risk
C0028999,Camila Martinez,3,5647.97,2024-05-02,609,Lost
C0005273,Isabella Brown,2,5634.61,2024-11-16,411,Lost
C0023167,Aria Gupta,3,5630.34,2025-07-03,182,At Risk
C0003121,Camila Robinson,11,5629.93,2024-12-29,368,Lost
C0044542,James Johnson,4,5621.74,2024-07-25,525,Lost
C0046189,Maya Martinez,2,5620.73,2025-01-03,363,At Risk
C0011673,Kai Khan,2,5614.42,2024-09-04,484,Lost
C0014348,Theo Chen,6,5610.81,2025-02-23,312,At Risk
C0003505,Daniel Robinson,5,5608.69,2025-06-28,187,At Risk
C0029797,Sofia Lee,6,5600.29,2024-12-29,368,Lost
C0025840,Alex Singh,4,5594.87,2025-06-25,190,At Risk
C0042639,Fatima Patel,3,5591.36,2024-08-27,492,Lost
C0003730,Maya Gupta,3,5590.99,2024-10-27,431,Lost
C0009283,Isabella Davis,2,5580.88,2025-06-20,195,At Risk
C0020995,Aria Taylor,2,5572.13,2024-11-03,424,Lost
C0033225,Amelia Thomas,2,5569.77,2025-05-27,219,At Risk
C0032774,Theo Thomas,6,5569.15,2025-05-13,233,At Risk
C0015716,James Singh,8,5568.67,2025-03-13,294,At Risk
C0044568,Mia Davis,3,5563.39,2025-02-02,333,At Risk
C0027542,Sofia Anderson,6,5549.59,2025-06-09,206,At Risk
C0040974,Ravi Sharma,3,5547.25,2023-11-28,765,Lost
C0047846,Olivia Patel,7,5533.81,2025-03-20,287,At Risk
C0013844,Maya Chen,6,5530.98,2025-04-12,264,At Risk
C0030887,Theo Chen,5,5529.4,2025-01-14,352,At Risk
C0022754,Customer C0022754,3,5528.91,2024-12-13,384,Lost
C0025310,Alex Taylor,3,5525.36,2024-06-06,574,Lost
C0011899,Aria Johnson,14,5523.42,2025-05-06,240,At Risk
C0019272,Benjamin Davis,4,5522.47,2025-02-18,317,At Risk
C0027487,James Sharma,4,5518.0,2025-05-12,234,At Risk
C0041716,Fatima Patel,5,5513.2,2025-04-14,262,At Risk
C0041786,Mia Thomas,5,5506.94,2025-05-19,227,At Risk
C0007759,James Thomas,7,5502.54,2025-05-16,230,At Risk
C0026826,Aarav Khan,4,5496.83,2024-12-15,382,Lost
C0011939,Aria Miller,7,5490.41,2025-03-23,284,At Risk
C0002698,Maya Khan,12,5489.39,2024-11-01,426,Lost
C0029524,Aarav Gupta,3,5477.27,2024-07-29,521,Lost
C0039418,Ravi Davis,2,5469.83,2024-12-17,380,Lost
C0032190,Aria Taylor,11,5465.73,2025-04-02,274,At Risk
C0031972,Grace Martinez,5,5463.57,2024-11-03,424,Lost
C0011282,Noah Lee,5,5460.65,2025-04-12,264,At Risk
C0031475,Olivia Khan,5,5457.12,2025-03-25,282,At Risk
C0031982,James Smith,4,5456.75,2024-11-14,413,Lost
C0033176,Kai Johnson,8,5455.62,2025-04-25,251,At Risk
C0022770,Alex Davis,6,5455.16,2025-02-16,319,At Risk
C0015996,Grace Martinez,4,5449.91,2024-10-14,444,Lost
C0018708,Noah Thomas,12,5447.84,2025-04-05,271,At Risk
C0009456,Ethan Johnson,5,5438.68,2025-03-22,285,At Risk
C0004749,Ravi Wilson,5,5433.74,2024-12-28,369,Lost
C0047059,Alex Kim,7,5422.21,2025-01-08,358,At Risk
C0023009,Ravi Lee,7,5419.06,2025-03-05,302,At Risk
C0048384,Liam Robinson,3,5416.62,2025-05-10,236,At Risk
C0022926,Olivia Miller,8,5415.43,2025-02-05,330,At Risk
C0016490,Ravi Garcia,3,5411.99,2024-07-22,528,Lost
C0029296,Sofia Wilson,2,5411.51,2024-11-09,418,Lost
C0021445,Camila Patel,10,5406.81,2025-05-06,240,At Risk
C0046394,Hannah Wilson,3,5405.03,2025-06-09,206,At Risk
C0015335,Liam Brown,8,5400.26,2025-07-03,182,At Risk
C0021371,Fatima Chen,5,5398.65,2025-04-18,258,At Risk
C0006173,Aria Smith,6,5397.61,2025-03-29,278,At Risk
C0023299,James Patel,8,5389.74,2025-06-05,210,At Risk
C0042080,Aarav Johnson,3,5388.98,2025-05-21,225,At Risk
C0005220,Aarav Kim,6,5383.39,2025-06-15,200,At Risk
C0023813,Sofia Robinson,5,5380.68,2024-09-23,465,Lost
C0030050,Priya Taylor,4,5377.17,2025-04-03,273,At Risk
C0048566,Benjamin Thomas,5,5371.97,2024-12-02,395,Lost
C0026438,Alex Martinez,2,5369.85,2024-12-27,370,Lost
C0019900,Hannah Johnson,7,5363.01,2025-02-08,327,At Risk
C0039958,Amelia Lee,5,5359.7,2025-04-13,263,At Risk
C0012133,Alex Patel,4,5356.66,2025-04-08,268,At Risk
C0049494,Theo Sharma,4,5349.66,2025-04-15,261,At Risk
C0024194,Fatima Sharma,2,5343.56,2025-01-09,357,At Risk
C0010152,Amelia Khan,11,5342.69,2025-05-30,216,At Risk
C0035043,Priya Brown,12,5332.56,2025-05-28,218,At Risk
C0011801,Alex Anderson,3,5331.97,2025-06-18,197,At Risk
C0014963,Hannah Chen,6,5326.64,2024-12-25,372,Lost
C0002480,Kai Johnson,6,5324.4,2024-09-19,469,Lost
C0045490,Maya Patel,6,5314.61,2024-04-24,617,Lost
C0030748,Mia Patel,7,5297.46,2025-06-20,195,At Risk
C0026197,Isabella Anderson,7,5289.27,2025-06-05,210,At Risk
C0042646,Mia Singh,5,5282.49,2025-03-22,285,At Risk
C0000395,Alex Wilson,2,5277.36,2025-02-23,312,At Risk
C0014514,Benjamin Johnson,7,5273.64,2024-12-10,387,Lost
C0006530,Kai Davis,7,5268.25,2025-06-05,210,At Risk
C0007433,Aarav Garcia,5,5266.49,2025-06-17,198,At Risk
C0024410,Kai Garcia,3,5259.52,2024-12-27,370,Lost
C0028262,Kai Wilson,4,5258.45,2025-06-18,197,At Risk
C0001204,Theo Gupta,4,5251.99,2025-06-20,195,At Risk
C0019267,Ravi Sharma,9,5249.92,2025-05-15,231,At Risk
C0015969,Grace Robinson,9,5232.03,2025-05-16,230,At Risk
C0017097,Grace Robinson,7,5231.42,2025-03-06,301,At Risk
C0034874,Isabella Garcia,5,5230.62,2025-05-09,237,At Risk
C0043486,Amelia Johnson,5,5230.03,2024-06-10,570,Lost
C0031535,Noah Garcia,3,5229.57,2025-01-24,342,At Risk
C0032790,Theo Brown,7,5221.29,2025-06-24,191,At Risk
C0039521,Grace Gupta,3,5220.12,2025-06-16,199,At Risk
C0046428,Noah Robinson,8,5219.77,2025-06-08,207,At Risk
C0016350,Theo Taylor,7,5216.8,2025-03-21,286,At Risk
C0019368,Noah Garcia,6,5199.83,2025-06-18,197,At Risk
C0016502,Alex Chen,2,5195.74,2025-03-08,299,At Risk
C0042118,Aisha Taylor,12,5189.1,2025-07-03,182,At Risk
C0021452,Noah Lee,3,5187.18,2024-12-13,384,Lost
C0003297,Zara Chen,3,5184.21,2025-07-02,183,At Risk
C0017049,Daniel Lee,4,5182.05,2025-04-29,247,At Risk
C0032857,Aisha Anderson,3,5178.3,2025-05-17,229,At Risk
C0033630,Kai Brown,2,5177.95,2024-11-30,397,Lost
C0049338,Benjamin Smith,5,5172.55,2024-03-30,642,Lost
C0036030,Benjamin Martinez,3,5168.97,2025-04-21,255,At Risk
C0007004,Noah Thomas,3,5166.49,2024-11-19,408,Lost
C0032274,Aarav Singh,2,5164.89,2023-11-06,787,Lost
C0028847,Fatima Singh,10,5155.29,2025-06-10,205,At Risk
C0002548,Ravi Martinez,7,5152.7,2024-12-18,379,Lost
C0047959,Amelia Taylor,6,5152.68,2025-02-04,331,At Risk
C0020419,Theo Johnson,3,5146.95,2023-09-05,849,Lost
C0024796,Kai Robinson,6,5146.46,2025-03-23,284,At Risk
C0026695,Isabella Gupta,6,5144.94,2025-05-26,220,At Risk
C0010798,Olivia Sharma,7,5135.81,2025-03-11,296,At Risk
C0043484,Alex Patel,5,5116.47,2024-09-17,471,Lost
C0047601,Aisha Thomas,4,5113.55,2024-11-01,426,Lost
C0038141,Zara Garcia,7,5107.47,2025-06-03,212,At Risk
C0016696,Amelia Singh,7,5102.71,2025-03-15,292,At Risk
C0029176,Aisha Thomas,3,5098.52,2024-09-15,473,Lost
C0013466,Mia Khan,4,5097.81,2025-03-02,305,At Risk
C0019647,Aarav Miller,3,5086.99,2025-05-03,243,At Risk
C0014830,Theo Khan,6,5086.74,2025-03-18,289,At Risk
C0001187,Aarav Wilson,4,5083.16,2024-12-30,367,Lost
C0038296,Olivia Davis,8,5080.05,2025-05-11,235,At Risk
C0029950,Liam Martinez,4,5071.32,2024-11-18,409,Lost
C0047686,James Anderson,6,5062.53,2024-12-08,389,Lost
C0001251,Liam Martinez,6,5062.41,2024-08-14,505,Lost
C0038504,Zara Singh,6,5053.13,2025-06-21,194,At Risk
C0013578,Aarav Lee,6,5049.74,2025-04-10,266,At Risk
C0006591,Liam Thomas,3,5049.08,2025-01-10,356,At Risk
C0009439,Zara Chen,4,5049.05,2025-03-17,290,At Risk
C0017830,Amelia Khan,6,5045.28,2025-04-01,275,At Risk
C0037592,Aarav Thomas,5,5030.4,2024-11-05,422,Lost
C0048526,Aria Khan,2,5028.83,2024-04-14,627,Lost
C0011836,Grace Khan,2,5022.16,2025-05-26,220,At Risk
C0024079,Aarav Patel,6,5018.61,2024-05-29,582,Lost
C0004463,Theo Khan,10,5016.23,2025-03-07,300,At Risk
C0004367,Liam Smith,5,5014.23,2024-04-18,623,Lost
C0047642,Liam Chen,3,5011.69,2024-11-11,416,Lost
C0046527,Ravi Patel,6,5006.73,2024-12-09,388,Lost
C0018795,Isabella Kim,3,5002.3,2025-05-02,244,At Risk
C0021306,Grace Smith,3,5001.11,2025-06-04,211,At Risk
C0021551,Zara Martinez,3,4998.15,2025-04-27,249,At Risk
C0038987,Hannah Davis,8,4991.11,2025-05-20,226,At Risk
C0047886,Aria Brown,5,4980.13,2025-04-21,255,At Risk
C0044406,Liam Thomas,3,4978.62,2024-12-28,369,Lost
C0043673,James Martinez,6,4977.23,2024-09-17,471,Lost
C0048635,Hannah Thomas,6,4976.13,2025-06-24,191,At Risk
C0015735,Noah Johnson,3,4974.78,2025-06-14,201,At Risk
C0045515,Daniel Gupta,3,4973.95,2024-07-14,536,Lost
C0032534,Aisha Sharma,3,4971.96,2024-04-09,632,Lost
C0041597,Alex Anderson,3,4969.64,2024-11-04,423,Lost
C0039593,Priya Anderson,4,4969.26,2025-05-05,241,At Risk
C0009071,Liam Davis,5,4965.67,2025-01-04,362,At Risk
C0009087,Zara Taylor,3,4962.87,2025-01-25,341,At Risk
C0039235,Noah Johnson,6,4962.74,2024-12-24,373,Lost
C0003314,Sofia Smith,4,4938.76,2025-06-15,200,At Risk
C0009240,Noah Kim,2,4937.41,2024-05-03,608,Lost
C0035634,Benjamin Robinson,6,4934.85,2025-04-30,246,At Risk
C0027845,Olivia Sharma,3,4929.64,2024-09-18,470,Lost
C0035111,Aisha Khan,8,4920.41,2025-06-26,189,At Risk
C0043299,Liam Johnson,3,4919.84,2024-12-06,391,Lost
C0025413,Ethan Smith,3,4916.82,2025-04-07,269,At Risk
C0011486,Kai Miller,7,4911.27,2025-06-22,193,At Risk
C0040132,Noah Khan,4,4908.77,2025-05-10,236,At Risk
C0040283,Kai Kim,9,4907.49,2024-10-30,428,Lost
C0032401,Isabella Davis,5,4905.55,2024-09-01,487,Lost
C0022390,Kai Anderson,3,4899.04,2024-12-24,373,Lost
C0005144,James Chen,4,4893.74,2025-05-13,233,At Risk
C0017584,Amelia Brown,3,4892.62,2024-09-02,486,Lost
C0024748,Maya Taylor,2,4887.28,2025-06-07,208,At Risk
C0025858,Amelia Garcia,6,4878.03,2025-03-27,280,At Risk
C0002952,Amelia Miller,9,4877.91,2025-05-11,235,At Risk
C0037472,Kai Khan,6,4874.39,2025-05-30,216,At Risk
C0018404,Aarav Smith,8,4867.39,2025-06-02,213,At Risk
C0041648,Amelia Khan,5,4864.32,2025-01-19,347,At Risk
C0041004,Isabella Miller,8,4859.76,2025-06-27,188,At Risk
C0006996,Isabella Chen,7,4859.73,2025-06-17,198,At Risk
C0046554,Aria Gupta,4,4858.08,2025-01-23,343,At Risk
C0044300,Zara Singh,2,4857.86,2025-01-10,356,At Risk
C0026357,Theo Patel,5,4855.72,2025-05-09,237,At Risk
C0025993,Aria Johnson,3,4853.43,2025-05-31,215,At Risk
C0010465,Olivia Singh,2,4850.52,2025-05-24,222,At Risk
C0049765,Theo Robinson,6,4845.77,2025-04-13,263,At Risk
C0047214,Benjamin Chen,5,4843.07,2025-06-23,192,At Risk
C0026164,Fatima Martinez,9,4842.71,2025-03-22,285,At Risk
C0011562,Aria Sharma,3,4839.0,2025-06-06,209,At Risk
C0014859,Mia Smith,5,4833.69,2024-03-18,654,Lost
C0009157,Daniel Thomas,3,4831.87,2025-03-31,276,At Risk
C0030957,Aarav Garcia,2,4831.22,2025-01-09,357,At Risk
C0015125,Alex Anderson,7,4828.89,2025-03-10,297,At Risk
C0023053,Daniel Gupta,2,4826.96,2024-11-18,409,Lost
C0031725,Maya Gupta,5,4819.11,2025-04-03,273,At Risk
C0007274,Isabella Taylor,5,4818.15,2025-04-16,260,At Risk
C0025956,Noah Thomas,5,4815.37,2024-11-29,398,Lost
C0006974,Camila Sharma,4,4812.79,2025-06-18,197,At Risk
C0040865,Maya Gupta,5,4800.97,2025-06-14,201,At Risk
C0024287,Noah Smith,2,4800.29,2025-01-29,337,At Risk
C0035389,Camila Patel,8,4800.0,2025-01-30,336,At Risk
C0030480,Liam Smith,5,4798.93,2025-02-25,310,At Risk
C0031430,Amelia Singh,9,4796.65,2025-05-06,240,At Risk
C0049372,Aisha Martinez,7,4794.74,2025-04-29,247,At Risk
C0042946,Amelia Patel,5,4793.2,2025-06-16,199,At Risk
C0042883,Alex Robinson,2,4791.86,2025-02-26,309,At Risk
C0011373,Hannah Chen,3,4787.63,2024-12-29,368,Lost
C0043231,Camila Taylor,5,4782.33,2025-04-18,258,At Risk
C0028237,Camila Johnson,2,4778.72,2025-05-27,219,At Risk
C0030101,Sofia Robinson,4,4778.18,2025-04-08,268,At Risk
C0029958,Amelia Lee,5,4775.83,2025-05-26,220,At Risk
C0012728,Maya Miller,4,4774.82,2024-12-07,390,Lost
C0038410,Ravi Wilson,5,4774.64,2025-05-31,215,At Risk
C0021994,Kai Wilson,7,4774.29,2025-06-29,186,At Risk
C0017421,Aria Lee,6,4773.18,2024-08-22,497,Lost
C0035926,Benjamin Taylor,6,4762.92,2025-04-23,253,At Risk
C0041908,Noah Wilson,3,4762.79,2025-03-01,306,At Risk
C0027654,Benjamin Robinson,3,4759.52,2025-04-13,263,At Risk
C0042213,Hannah Kim,8,4759.22,2025-07-03,182,At Risk
C0032367,Olivia Smith,3,4758.72,2024-12-01,396,Lost
C0029684,Grace Kim,3,4758.06,2025-01-07,359,At Risk
C0010187,Theo Smith,2,4757.15,2025-03-18,289,At Risk
C0042203,Aria Miller,6,4752.66,2025-01-28,338,At Risk
C0037899,Aarav Patel,3,4751.43,2025-02-08,327,At Risk
C0037596,Noah Davis,7,4744.88,2025-02-11,324,At Risk
C0015477,Sofia Martinez,3,4740.15,2025-05-27,219,At Risk
C0015937,Ravi Kim,5,4735.03,2025-04-23,253,At Risk
C0002336,Noah Anderson,8,4734.83,2025-07-04,181,At Risk
C0025887,Ethan Brown,6,4733.25,2025-03-18,289,At Risk
C0018093,Hannah Taylor,3,4727.67,2025-07-04,181,At Risk
C0012191,Daniel Lee,2,4727.08,2025-03-11,296,At Risk
C0013880,Sofia Smith,10,4725.66,2025-05-15,231,At Risk
C0034698,Grace Garcia,5,4719.94,2024-12-30,367,Lost
C0019334,Kai Smith,4,4712.12,2025-02-10,325,At Risk
C0031923,Aarav Patel,6,4710.22,2025-02-05,330,At Risk
C0036864,Ravi Brown,11,4704.84,2025-05-13,233,At Risk
C0007040,Aarav Wilson,4,4703.07,2025-04-08,268,At Risk
C0034236,Daniel Smith,6,4699.12,2025-06-29,186,At Risk
C0039876,Daniel Thomas,4,4695.27,2024-12-30,367,Lost
C0046781,Alex Taylor,7,4693.48,2025-05-30,216,At Risk
C0034808,Isabella Johnson,2,4692.56,2025-03-26,281,At Risk
C0018890,Grace Martinez,7,4688.26,2025-05-20,226,At Risk
C0028642,Sofia Brown,2,4687.47,2024-12-30,367,Lost
C0015743,Benjamin Robinson,6,4685.72,2025-05-06,240,At Risk
C0044942,Alex Patel,4,4674.67,2024-03-24,648,Lost
C0040848,Mia Brown,5,4670.96,2025-01-09,357,At Risk
C0048934,Grace Garcia,5,4669.92,2025-03-02,305,At Risk
C0032126,Aarav Miller,7,4667.78,2025-02-20,315,At Risk
C0014648,Ravi Singh,7,4666.89,2025-06-19,196,At Risk
C0007362,Zara Miller,8,4664.94,2025-06-13,202,At Risk
C0015185,Daniel Robinson,6,4664.89,2024-12-11,386,Lost
C0042777,Aria Smith,2,4658.19,2025-03-02,305,At Risk
C0021327,Aria Martinez,7,4656.5,2025-06-26,189,At Risk
C0043945,James Garcia,4,4655.11,2024-08-24,495,Lost
C0039500,Mia Martinez,6,4652.19,2025-07-01,184,At Risk
C0014072,Sofia Patel,4,4649.1,2025-02-15,320,At Risk
C0023616,Aarav Martinez,4,4648.99,2024-11-03,424,Lost
C0012847,Kai Gupta,5,4647.21,2025-05-25,221,At Risk
C0042387,Camila Patel,3,4646.88,2024-10-10,448,Lost
C0035723,Daniel Singh,9,4645.46,2025-06-16,199,At Risk
C0022148,Liam Davis,4,4645.44,2025-07-02,183,At Risk
C0029075,Priya Wilson,6,4642.84,2025-05-31,215,At Risk
C0004724,Liam Sharma,3,4636.01,2024-02-19,682,Lost
C0044915,Maya Wilson,3,4630.77,2024-04-11,630,Lost
C0008821,Theo Gupta,4,4628.39,2025-05-11,235,At Risk
C0041195,Isabella Martinez,5,4627.94,2025-05-16,230,At Risk
C0014219,Aisha Khan,4,4626.36,2025-06-22,193,At Risk
C0015124,James Johnson,3,4625.49,2023-10-04,820,Lost
C0026174,Isabella Patel,6,4624.64,2025-05-29,217,At Risk
C0034447,Camila Wilson,2,4621.37,2024-12-30,367,Lost
C0048840,Hannah Thomas,4,4620.45,2024-11-08,419,Lost
C0020330,Alex Martinez,4,4611.06,2024-11-14,413,Lost
C0033468,Priya Davis,3,4609.34,2025-06-29,186,At Risk
C0003769,Ethan Wilson,3,4589.46,2024-11-12,415,Lost
C0038244,Ethan Davis,2,4586.55,2024-11-21,406,Lost
C0010553,Maya Robinson,6,4576.4,2025-04-20,256,At Risk
C0019963,Amelia Martinez,4,4575.91,2025-06-20,195,At Risk
C0005606,Isabella Taylor,4,4563.01,2024-12-05,392,Lost
C0006139,Aarav Smith,7,4560.58,2025-05-22,224,At Risk
C0005481,Daniel Smith,2,4558.68,2025-05-06,240,At Risk
C0000398,Aria Miller,4,4558.2,2025-01-11,355,At Risk
C0020450,Grace Johnson,6,4547.97,2025-04-03,273,At Risk
C0026155,Theo Thomas,6,4547.96,2025-06-08,207,At Risk
C0034729,Benjamin Thomas,6,4545.47,2024-12-16,381,Lost
C0041264,Ravi Miller,6,4544.94,2025-03-30,277,At Risk
C0017835,Kai Gupta,4,4540.86,2024-09-22,466,Lost
C0002744,Zara Brown,3,4538.69,2025-05-23,223,At Risk
C0001262,Camila Garcia,3,4538.4,2025-02-17,318,At Risk
C0032450,Ravi Patel,5,4536.69,2025-03-11,296,At Risk
C0047220,Aarav Davis,2,4531.94,2025-01-08,358,At Risk
C0012362,Ravi Gupta,9,4530.35,2025-04-25,251,At Risk
C0031480,Daniel Lee,5,4527.49,2025-06-22,193,At Risk
C0048752,Ethan Johnson,3,4520.89,2025-01-26,340,At Risk
C0002406,Aria Wilson,5,4519.69,2025-06-24,191,At Risk
C0009245,Amelia Taylor,6,4518.85,2025-03-28,279,At Risk
C0003214,Aisha Martinez,4,4516.54,2025-01-09,357,At Risk
C0003249,Theo Martinez,4,4515.63,2025-06-25,190,At Risk
C0018351,Aisha Singh,3,4511.75,2025-04-08,268,At Risk
C0037077,Hannah Robinson,4,4510.01,2025-05-20,226,At Risk
C0015153,Mia Singh,4,4509.51,2024-11-15,412,Lost
C0018840,James Brown,4,4508.82,2025-03-09,298,At Risk
C0021898,Priya Johnson,5,4502.88,2024-11-16,411,Lost
C0004316,Aisha Kim,3,4502.78,2025-01-23,343,At Risk
C0024636,Kai Gupta,4,4502.33,2025-06-16,199,At Risk
C0015219,Fatima Chen,4,4501.08,2025-02-10,325,At Risk
C0044302,Aria Garcia,3,4493.05,2024-08-14,505,Lost
C0027532,Ethan Singh,4,4492.88,2025-05-03,243,At Risk
C0013420,Maya Khan,4,4486.69,2024-04-08,633,Lost
C0050000,Priya Johnson,5,4479.87,2024-10-19,439,Lost
C0040923,Benjamin Khan,6,4472.55,2024-12-29,368,Lost
C0031502,Aarav Patel,4,4467.12,2025-05-16,230,At Risk
C0022134,Priya Lee,6,4465.12,2025-04-06,270,At Risk
C0006839,Benjamin Gupta,3,4459.57,2024-11-06,421,Lost
C0032030,Aarav Sharma,4,4457.17,2025-05-23,223,At Risk
C0001786,Hannah Robinson,8,4456.87,2025-05-21,225,At Risk
C0038564,Grace Johnson,4,4452.47,2025-03-17,290,At Risk
C0023019,James Davis,6,4448.62,2024-12-20,377,Lost
C0048444,Camila Anderson,4,4446.75,2024-05-11,600,Lost
C0027413,Isabella Johnson,4,4443.19,2025-05-05,241,At Risk
C0009799,Ravi Smith,4,4442.93,2025-06-17,198,At Risk
C0016602,Amelia Sharma,7,4439.71,2025-02-27,308,At Risk
C0041006,Priya Gupta,4,4438.14,2024-12-18,379,Lost
C0013023,Grace Kim,6,4433.34,2025-02-13,322,At Risk
C0018950,Hannah Lee,5,4432.08,2025-03-16,291,At Risk
C0019492,Ravi Sharma,11,4431.5,2025-06-21,194,At Risk
C0014047,Priya Sharma,8,4430.84,2025-04-01,275,At Risk
C0026669,Kai Davis,2,4428.56,2024-08-16,503,Lost
C0041400,Noah Martinez,4,4426.48,2024-08-03,516,Lost
C0048547,Theo Kim,4,4425.53,2025-04-16,260,At Risk
C0024060,Isabella Gupta,7,4420.6,2025-07-04,181,At Risk
C0049573,James Martinez,5,4420.55,2024-09-05,483,Lost
C0037728,Aarav Martinez,12,4419.93,2025-04-08,268,At Risk
C0017396,Noah Wilson,7,4417.2,2025-03-22,285,At Risk
C0017673,Hannah Singh,2,4416.51,2024-12-20,377,Lost
C0005059,Benjamin Miller,4,4416.13,2025-06-30,185,At Risk
C0017548,Aarav Gupta,3,4411.77,2025-05-08,238,At Risk
C0047444,Liam Garcia,7,4409.59,2024-12-02,395,Lost
C0040813,Fatima Singh,3,4409.32,2024-12-10,387,Lost
C0030807,Priya Robinson,5,4408.4,2024-10-31,427,Lost
C0027296,Ethan Sharma,5,4407.13,2024-12-03,394,Lost
C0023682,James Miller,3,4406.98,2025-02-24,311,At Risk
C0046651,Olivia Gupta,5,4405.44,2024-11-10,417,Lost
C0001149,Grace Garcia,6,4403.84,2025-05-23,223,At Risk
C0049481,Noah Patel,5,4395.61,2025-04-25,251,At Risk
C0016799,Mia Singh,2,4393.17,2024-09-19,469,Lost
C0013050,Sofia Singh,6,4392.68,2024-09-25,463,Lost
C0038013,Liam Sharma,3,4390.22,2025-01-13,353,At Risk
C0043598,Daniel Brown,3,4389.5,2025-01-21,345,At Risk
C0048500,Aisha Kim,2,4388.83,2024-12-20,377,Lost
C0038680,Priya Robinson,3,4383.79,2024-04-15,626,Lost
C0017045,Isabella Sharma,6,4383.15,2024-12-30,367,Lost
C0047254,Aria Gupta,3,4379.61,2025-01-04,362,At Risk
C0011766,Maya Miller,7,4379.33,2025-06-01,214,At Risk
C0021559,Ravi Wilson,5,4378.19,2025-05-18,228,At Risk
C0034596,Camila Singh,2,4378.15,2024-08-10,509,Lost
C0043329,Aria Garcia,4,4376.13,2024-07-28,522,Lost
C0023705,Aria Anderson,2,4374.25,2025-02-10,325,At Risk
C0039213,Aria Wilson,4,4372.48,2025-03-20,287,At Risk
C0020661,Hannah Singh,3,4370.64,2024-11-24,403,Lost
C0014750,Aisha Miller,2,4367.89,2023-07-16,900,Lost
C0008868,Maya Khan,6,4366.7,2024-11-05,422,Lost
C0024617,Theo Taylor,9,4365.97,2024-12-20,377,Lost
C0017151,Grace Robinson,4,4355.57,2025-05-28,218,At Risk
C0010768,Theo Garcia,4,4352.92,2025-06-23,192,At Risk
C0010947,Olivia Taylor,2,4347.34,2025-05-02,244,At Risk
C0022992,Maya Anderson,6,4345.82,2024-10-22,436,Lost
C0028475,Maya Patel,4,4345.21,2025-07-03,182,At Risk
C0026997,Camila Lee,7,4342.83,2024-06-06,574,Lost
C0002379,Daniel Khan,6,4342.3,2025-03-27,280,At Risk
C0002527,Ravi Smith,2,4342.13,2025-02-10,325,At Risk
C0003740,Aria Robinson,2,4339.41,2024-09-21,467,Lost
C0022301,Kai Johnson,3,4337.92,2025-05-16,230,At Risk
C0048791,Priya Patel,3,4337.33,2024-11-27,400,Lost
C0036536,Camila Wilson,6,4330.89,2025-05-15,231,At Risk
C0004219,Theo Lee,2,4329.94,2023-11-09,784,Lost
C0012437,Camila Brown,3,4329.27,2025-05-15,231,At Risk
C0006835,Alex Singh,3,4328.78,2024-10-29,429,Lost
C0037637,Mia Lee,3,4327.07,2025-03-29,278,At Risk
C0027423,Sofia Taylor,4,4324.72,2025-05-30,216,At Risk
C0037961,Daniel Taylor,7,4324.04,2025-05-04,242,At Risk
C0022786,Ravi Chen,5,4320.64,2025-04-03,273,At Risk
C0040716,Kai Brown,6,4319.67,2025-06-18,197,At Risk
C0015171,Aria Robinson,3,4318.73,2024-10-03,455,Lost
C0005373,Aarav Brown,7,4317.84,2025-03-22,285,At Risk
C0048222,Aria Robinson,4,4316.96,2025-04-10,266,At Risk
C0025124,Ethan Garcia,4,4314.4,2025-03-08,299,At Risk
C0003511,Ethan Wilson,7,4312.61,2025-06-19,196,At Risk
C0005383,Olivia Lee,3,4310.39,2025-06-04,211,At Risk
C0004859,Theo Smith,3,4309.29,2025-06-25,190,At Risk
C0046674,Kai Khan,8,4307.52,2025-05-04,242,At Risk
C0047122,Camila Johnson,5,4304.1,2023-11-04,789,Lost
C0019693,Fatima Johnson,2,4301.03,2025-02-21,314,At Risk
C0039473,Olivia Johnson,3,4293.38,2024-10-31,427,Lost
C0039296,Zara Taylor,7,4285.11,2025-03-31,276,At Risk
C0035699,Ethan Patel,4,4275.68,2024-09-24,464,Lost
C0038240,Aria Patel,3,4273.72,2025-01-26,340,At Risk
C0003082,Zara Patel,2,4271.84,2025-03-20,287,At Risk
C0016484,Benjamin Davis,5,4268.79,2025-05-04,242,At Risk
C0034472,James Gupta,7,4268.45,2025-04-27,249,At Risk
C0018120,James Kim,5,4266.62,2025-02-20,315,At Risk
C0040924,Aisha Garcia,6,4262.97,2025-02-10,325,At Risk
C0016295,Mia Chen,6,4262.45,2025-04-21,255,At Risk
C0033904,Sofia Davis,3,4258.03,2024-11-07,420,Lost
C0002378,Sofia Robinson,8,4255.73,2025-06-06,209,At Risk
C0004702,Olivia Smith,2,4253.49,2025-05-20,226,At Risk
C0047390,Liam Taylor,5,4250.61,2024-12-21,376,Lost
C0045158,Noah Miller,3,4249.5,2023-12-21,742,Lost
C0011960,Amelia Miller,3,4246.42,2025-04-21,255,At Risk
C0005561,Camila Anderson,3,4246.24,2023-11-19,774,Lost
C0036596,Ravi Miller,7,4242.26,2024-12-10,387,Lost
C0049816,Mia Gupta,4,4240.01,2025-06-27,188,At Risk
C0005538,Priya Lee,6,4239.79,2025-02-08,327,At Risk
C0033442,Camila Gupta,3,4239.3,2025-06-08,207,At Risk
C0039748,Benjamin Garcia,2,4237.92,2024-12-15,382,Lost
C0016066,Olivia Kim,3,4237.51,2025-01-18,348,At Risk
C0004827,Isabella Wilson,3,4236.17,2025-06-09,206,At Risk
C0007207,Grace Lee,5,4235.43,2025-04-28,248,At Risk
C0049602,Ethan Lee,6,4234.23,2025-04-30,246,At Risk
C0004699,Noah Wilson,3,4230.2,2025-02-11,324,At Risk
C0017170,Liam Kim,6,4227.98,2025-05-26,220,At Risk
C0027544,Grace Chen,5,4226.25,2024-12-27,370,Lost
C0025662,Camila Chen,4,4224.83,2024-09-10,478,Lost
C0002982,Daniel Lee,6,4223.2,2025-04-18,258,At Risk
C0001628,Theo Patel,2,4219.03,2024-03-02,670,Lost
C0022798,Zara Wilson,4,4214.33,2025-02-09,326,At Risk
C0011733,Kai Thomas,7,4213.74,2025-01-09,357,At Risk
C0010392,Amelia Wilson,2,4213.59,2025-07-01,184,At Risk
C0021905,Alex Anderson,6,4213.4,2025-05-23,223,At Risk
C0031461,James Garcia,7,4205.5,2025-03-04,303,At Risk
C0005321,Grace Taylor,5,4200.62,2024-11-09,418,Lost
C0022684,Zara Gupta,3,4199.76,2024-12-29,368,Lost
C0021938,Olivia Wilson,3,4198.01,2024-11-04,423,Lost
C0016463,Mia Anderson,6,4192.41,2024-11-11,416,Lost
C0031839,Sofia Taylor,6,4191.32,2025-03-22,285,At Risk
C0006917,Ravi Patel,2,4188.2,2025-01-29,337,At Risk
C0043406,Noah Singh,9,4178.01,2025-05-13,233,At Risk
C0006391,Daniel Brown,10,4173.56,2024-12-30,367,Lost
C0021357,Zara Sharma,4,4171.97,2025-02-15,320,At Risk
C0039376,Ethan Singh,2,4171.33,2025-04-22,254,At Risk
C0000263,Olivia Thomas,3,4166.12,2024-10-02,456,Lost
C0023535,Isabella Johnson,7,4165.6,2025-04-23,253,At Risk
C0017314,Aria Kim,2,4162.68,2025-06-20,195,At Risk
C0024871,Amelia Thomas,3,4162.66,2023-11-09,784,Lost
C0003384,Alex Smith,5,4161.9,2024-12-05,392,Lost
C0032999,James Chen,5,4158.56,2024-11-21,406,Lost
C0031632,Aria Taylor,3,4157.64,2025-03-18,289,At Risk
C0044546,Ethan Lee,4,4154.33,2025-05-05,241,At Risk
C0032002,Noah Robinson,4,4154.14,2023-12-29,734,Lost
C0039440,Isabella Kim,3,4153.85,2025-05-31,215,At Risk
C0001650,Grace Patel,5,4151.89,2025-07-03,182,At Risk
C0025346,Alex Robinson,3,4147.78,2024-11-09,418,Lost
C0007504,Camila Smith,3,4147.54,2025-02-02,333,At Risk
C0021777,Isabella Singh,6,4143.09,2025-01-24,342,At Risk
C0041905,Liam Smith,3,4142.53,2025-01-23,343,At Risk
C0038359,Camila Johnson,2,4140.47,2024-06-08,572,Lost
C0022523,Benjamin Singh,2,4139.67,2023-11-21,772,Lost
C0009045,Noah Khan,3,4138.67,2025-03-21,286,At Risk
C0022956,Priya Patel,2,4137.69,2025-06-30,185,At Risk
C0025094,Daniel Smith,3,4135.48,2025-04-30,246,At Risk
C0004806,Aarav Lee,3,4133.95,2025-02-23,312,At Risk
C0012824,Aarav Anderson,4,4132.27,2025-05-28,218,At Risk
C0017597,Hannah Kim,7,4130.19,2025-06-21,194,At Risk
C0005334,Priya Gupta,4,4126.63,2025-03-28,279,At Risk
C0018932,Aisha Chen,2,4126.34,2023-12-19,744,Lost
C0010851,Theo Singh,6,4126.15,2025-06-10,205,At Risk
C0039549,James Brown,3,4125.12,2024-09-08,480,Lost
C0041461,Grace Smith,7,4124.99,2025-03-03,304,At Risk
C0007424,Olivia Sharma,2,4123.52,2024-06-12,568,Lost
C0043332,Hannah Taylor,4,4123.0,2025-06-02,213,At Risk
C0009418,Aarav Chen,5,4121.7,2025-04-24,252,At Risk
C0030256,Daniel Sharma,2,4117.73,2025-06-11,204,At Risk
C0006932,Aarav Martinez,5,4115.21,2025-03-29,278,At Risk
C0023393,Sofia Gupta,7,4112.65,2024-11-05,422,Lost
C0011381,Aisha Singh,6,4110.24,2025-05-24,222,At Risk
C0034241,Camila Wilson,2,4106.86,2023-12-08,755,Lost
C0018647,Liam Chen,5,4104.18,2024-12-11,386,Lost
C0011543,Kai Miller,3,4101.15,2024-05-28,583,Lost
C0008940,Fatima Smith,4,4096.96,2025-03-30,277,At Risk
C0030234,Maya Brown,2,4093.34,2024-12-09,388,Lost
C0044963,Fatima Anderson,6,4093.0,2024-12-12,385,Lost
C0026019,Isabella Sharma,3,4091.13,2025-04-23,253,At Risk
C0049875,Aria Taylor,4,4090.08,2025-06-24,191,At Risk
C0031854,Liam Martinez,3,4090.02,2025-01-22,344,At Risk
C0017655,Theo Singh,6,4085.52,2025-02-13,322,At Risk
C0019946,Aarav Patel,2,4084.57,2024-12-15,382,Lost
C0036573,Camila Wilson,6,4083.44,2025-06-17,198,At Risk
C0044275,Noah Brown,4,4079.18,2025-05-28,218,At Risk
C0028492,Olivia Chen,5,4076.13,2024-10-13,445,Lost
C0014662,Liam Sharma,2,4073.77,2024-11-04,423,Lost
C0029743,Grace Taylor,3,4071.84,2023-10-22,802,Lost
C0015600,Daniel Wilson,3,4065.15,2024-12-27,370,Lost
C0013771,Sofia Singh,2,4063.68,2024-11-23,404,Lost
C0047029,Camila Lee,4,4061.69,2024-08-22,497,Lost
C0000790,Ethan Taylor,5,4060.62,2025-05-07,239,At Risk
C0036637,Ravi Garcia,5,4059.04,2025-07-01,184,At Risk
C0046812,James Miller,5,4057.96,2024-10-27,431,Lost
C0001804,Daniel Sharma,5,4057.2,2025-07-03,182,At Risk
C0009229,Liam Khan,5,4054.65,2025-03-23,284,At Risk
C0016441,Fatima Kim,2,4049.12,2025-01-23,343,At Risk
C0034171,Amelia Smith,3,4048.92,2025-06-14,201,At Risk
C0002260,Zara Sharma,4,4046.86,2025-02-04,331,At Risk
C0028448,Sofia Kim,2,4043.78,2025-07-03,182,At Risk
C0038070,James Anderson,6,4041.06,2025-06-22,193,At Risk
C0016037,Isabella Gupta,6,4036.14,2024-12-29,368,Lost
C0023439,Liam Martinez,8,4034.77,2025-05-08,238,At Risk
C0020664,Liam Garcia,3,4033.83,2024-11-09,418,Lost
C0027708,Benjamin Patel,3,4032.8,2025-06-22,193,At Risk
C0008333,Olivia Anderson,3,4032.49,2024-11-15,412,Lost
C0023407,Benjamin Gupta,3,4030.73,2024-12-06,391,Lost
C0008480,Fatima Gupta,4,4030.52,2024-12-22,375,Lost
C0047545,Liam Smith,3,4027.57,2025-03-13,294,At Risk
C0042404,Ravi Smith,4,4026.06,2025-05-20,226,At Risk
C0042574,Maya Davis,5,4025.89,2025-03-27,280,At Risk
C0032039,Aarav Khan,5,4023.72,2025-05-22,224,At Risk
C0025435,Theo Davis,2,4020.53,2025-04-02,274,At Risk
C0015237,Sofia Sharma,3,4019.29,2023-10-22,802,Lost
C0043023,Isabella Khan,8,4017.61,2025-06-28,187,At Risk
C0029298,Amelia Anderson,3,4015.26,2024-04-26,615,Lost
C0019959,Daniel Robinson,2,4007.28,2024-12-13,384,Lost
C0029247,Noah Smith,4,4006.42,2025-06-01,214,At Risk
C0039783,Amelia Khan,2,4004.07,2023-10-18,806,Lost
C0015922,Isabella Khan,6,4003.37,2025-07-04,181,At Risk
C0013592,James Davis,5,4000.46,2025-05-23,223,At Risk
C0044656,Hannah Robinson,3,4000.28,2025-05-08,238,At Risk
C0020143,Aisha Garcia,2,3999.23,2025-06-18,197,At Risk
C0012184,Alex Patel,3,3998.08,2024-10-16,442,Lost
C0042961,Amelia Thomas,3,3997.56,2024-10-02,456,Lost
C0032042,Sofia Wilson,3,3997.44,2024-04-09,632,Lost
C0005518,Grace Robinson,3,3997.27,2025-02-12,323,At Risk
C0025387,Alex Thomas,2,3995.09,2023-11-30,763,Lost
C0039237,Sofia Garcia,4,3993.99,2025-03-28,279,At Risk
C0033188,Zara Kim,3,3993.2,2024-11-23,404,Lost
C0037781,Grace Kim,4,3990.93,2025-04-15,261,At Risk
C0031655,Ethan Taylor,2,3981.13,2025-03-20,287,At Risk
C0021575,Aarav Martinez,4,3979.99,2024-12-17,380,Lost
C0024640,Ethan Anderson,3,3976.96,2024-12-20,377,Lost
C0018381,Olivia Taylor,8,3965.07,2024-12-13,384,Lost
C0004186,Liam Robinson,6,3963.87,2025-01-23,343,At Risk
C0035886,Grace Johnson,6,3961.79,2025-06-23,192,At Risk
C0016927,Ravi Thomas,2,3961.69,2024-12-25,372,Lost
C0043172,Sofia Gupta,2,3958.26,2025-01-30,336,At Risk
C0036413,James Patel,2,3956.51,2024-12-28,369,Lost
C0044954,Maya Chen,3,3953.53,2024-11-22,405,Lost
C0022903,James Robinson,5,3953.4,2024-10-05,453,Lost
C0012877,James Johnson,3,3951.83,2025-05-29,217,At Risk
C0019180,Isabella Singh,3,3949.2,2024-12-18,379,Lost
C0035909,Aria Garcia,7,3948.99,2025-07-02,183,At Risk
C0013922,Benjamin Brown,2,3948.9,2025-01-26,340,At Risk
C0017488,Kai Miller,2,3944.85,2025-05-12,234,At Risk
C0046300,Liam Sharma,4,3944.38,2024-12-29,368,Lost
C0043075,Benjamin Chen,2,3937.34,2025-02-10,325,At Risk
C0014205,Sofia Martinez,2,3936.06,2025-04-29,247,At Risk
C0047533,Olivia Robinson,3,3935.3,2025-03-21,286,At Risk
C0016036,Sofia Thomas,3,3934.35,2025-06-18,197,At Risk
C0030392,Hannah Brown,4,3933.68,2025-01-05,361,At Risk
C0014344,Mia Singh,2,3933.03,2025-03-08,299,At Risk
C0034739,Kai Martinez,3,3932.66,2025-06-01,214,At Risk
C0020056,Noah Brown,5,3930.22,2024-12-25,372,Lost
C0012341,Grace Singh,7,3929.66,2025-06-14,201,At Risk
C0049209,Liam Martinez,5,3929.43,2025-01-16,350,At Risk
C0003457,Grace Robinson,7,3928.13,2025-07-03,182,At Risk
C0022504,Amelia Robinson,6,3922.76,2025-06-13,202,At Risk
C0049549,Camila Davis,4,3917.65,2025-04-28,248,At Risk
C0015502,Ravi Martinez,7,3917.3,2025-05-23,223,At Risk
C0030557,Benjamin Singh,5,3916.63,2025-02-06,329,At Risk
C0017973,Amelia Miller,4,3911.24,2025-05-28,218,At Risk
C0042932,Daniel Kim,5,3908.6,2025-01-17,349,At Risk
C0043051,Kai Singh,2,3908.53,2025-04-19,257,At Risk
C0016885,Hannah Robinson,3,3905.28,2024-12-22,375,Lost
C0049840,James Patel,4,3904.74,2024-12-18,379,Lost
C0042495,Maya Patel,3,3904.2,2025-06-28,187,At Risk
C0027595,Camila Lee,6,3900.36,2025-06-30,185,At Risk
C0005906,Alex Brown,3,3896.69,2024-08-12,507,Lost
C0007388,Benjamin Martinez,4,3890.67,2025-03-02,305,At Risk
C0003609,Liam Thomas,2,3890.44,2025-06-25,190,At Risk
C0014777,Maya Brown,5,3887.5,2025-04-15,261,At Risk
C0019173,Grace Singh,2,3886.55,2025-05-15,231,At Risk
C0023146,Camila Thomas,5,3884.87,2024-11-09,418,Lost
C0004402,Isabella Singh,2,3884.4,2024-12-26,371,Lost
C0013061,Amelia Kim,6,3881.89,2024-12-29,368,Lost
C0009317,Aarav Singh,3,3879.14,2025-01-29,337,At Risk
C0023971,Ravi Sharma,5,3876.74,2025-06-25,190,At Risk
C0020584,Grace Brown,2,3872.73,2025-04-30,246,At Risk
C0019568,Aarav Garcia,2,3870.15,2024-11-18,409,Lost
C0034978,Aria Singh,6,3866.45,2025-02-08,327,At Risk
C0003825,James Khan,2,3866.06,2024-12-23,374,Lost
C0017256,Camila Wilson,3,3864.38,2025-06-11,204,At Risk
C0015005,Zara Robinson,6,3863.83,2025-04-27,249,At Risk
C0000779,Amelia Davis,2,3863.06,2024-06-17,563,Lost
C0032248,Mia Garcia,4,3860.12,2024-08-28,491,Lost
C0007936,Ravi Patel,2,3857.74,2024-02-25,676,Lost
C0031784,Noah Smith,7,3852.38,2025-06-08,207,At Risk
C0029307,Aria Smith,2,3850.76,2024-10-04,454,Lost
C0047418,Benjamin Gupta,2,3845.92,2024-08-20,499,Lost
C0001176,Sofia Gupta,6,3844.18,2025-05-11,235,At Risk
C0022101,Grace Smith,3,3842.09,2025-03-05,302,At Risk
C0048723,Liam Khan,3,3835.24,2024-12-21,376,Lost
C0017291,Mia Anderson,5,3833.84,2025-05-17,229,At Risk
C0020198,Theo Wilson,3,3832.42,2025-06-18,197,At Risk
C0022876,Isabella Thomas,3,3832.33,2024-12-01,396,Lost
C0042599,Priya Chen,2,3832.05,2025-01-18,348,At Risk
C0005393,Noah Martinez,2,3830.75,2025-02-24,311,At Risk
C0027865,Alex Martinez,3,3826.72,2025-03-22,285,At Risk
C0013985,Kai Patel,6,3823.96,2025-06-22,193,At Risk
C0038323,Hannah Martinez,2,3823.64,2025-06-11,204,At Risk
C0049219,Mia Smith,3,3821.39,2025-02-06,329,At Risk
C0000342,Zara Miller,5,3816.03,2025-03-11,296,At Risk
C0006551,Benjamin Lee,9,3814.98,2025-03-17,290,At Risk
C0008146,Benjamin Patel,3,3813.24,2025-02-22,313,At Risk
C0030151,Daniel Smith,2,3810.08,2023-11-01,792,Lost
C0008775,Daniel Martinez,5,3809.42,2025-03-09,298,At Risk
C0030060,Priya Miller,6,3805.2,2025-05-15,231,At Risk
C0025349,Theo Garcia,5,3800.77,2024-12-21,376,Lost
C0014365,Isabella Patel,6,3799.96,2024-03-14,658,Lost
C0006670,Fatima Singh,2,3798.41,2024-11-16,411,Lost
C0046288,Grace Martinez,3,3794.03,2024-12-07,390,Lost
C0027980,Ravi Patel,3,3787.14,2025-01-23,343,At Risk
C0011680,Zara Wilson,4,3784.62,2024-09-03,485,Lost
C0002489,Zara Taylor,2,3782.16,2025-07-02,183,At Risk
C0012964,Aisha Wilson,2,3782.11,2023-12-24,739,Lost
C0009750,Aarav Johnson,2,3780.1,2025-05-10,236,At Risk
C0014079,Grace Miller,2,3778.18,2024-11-23,404,Lost
C0010966,Zara Miller,4,3777.38,2025-05-13,233,At Risk
C0006806,Ethan Wilson,5,3774.76,2024-12-18,379,Lost
C0043622,Aarav Garcia,3,3773.75,2024-12-20,377,Lost
C0024475,Hannah Smith,3,3771.84,2025-06-19,196,At Risk
C0012166,Amelia Patel,7,3768.91,2025-04-28,248,At Risk
C0036922,Maya Smith,6,3768.24,2025-05-04,242,At Risk
C0033552,Sofia Singh,7,3765.72,2025-05-27,219,At Risk
C0046388,Aria Garcia,4,3764.85,2025-01-06,360,At Risk
C0037454,Benjamin Chen,6,3761.81,2025-04-15,261,At Risk
C0001400,Olivia Garcia,3,3759.69,2025-01-30,336,At Risk
C0028567,James Smith,7,3756.55,2024-12-22,375,Lost
