category,product_id,product_name,revenue,gross_profit,revenue_rank_in_category,profit_rank_in_category
Beauty,P000448,Auren Skincare 0448,125851.01,47929.97,1,1
Beauty,P000698,Citrine Fragrance 0698,91344.97,40118.41,2,3
Beauty,P000017,Glowery Makeup 0017,76779.92,43488.93,3,2
Beauty,P000391,BareBloom Haircare 0391,76024.77,30646.37,4,9
Beauty,P000228,Glowery Fragrance 0228,68073.29,37374.73,5,5
Beauty,P000537,BareBloom Fragrance 0537,64680.35,26621.48,6,10
Beauty,P000425,BareBloom Skincare 0425,64322.31,32579.77,7,7
Beauty,P000542,Glowery Fragrance 0542,63924.71,25892.88,8,12
Beauty,P000066,Auren Haircare 0066,63693.88,39395.32,9,4
Beauty,P000611,Glowery Fragrance 0611,62321.91,22074.73,10,15
Beauty,P000629,BareBloom Haircare 0629,60023.17,32716.75,11,6
Beauty,P000260,Citrine Skincare 0260,59655.96,21479.22,12,16
Beauty,P000450,Citrine Fragrance 0450,53633.65,31776.43,13,8
Beauty,P000349,Glowery Fragrance 0349,48431.73,25242.96,14,13
Beauty,P000356,Citrine Haircare 0356,46617.96,26030.07,15,11
Beauty,P000289,Citrine Makeup 0289,45848.7,16956.0,16,23
Beauty,P000461,Silka Skincare 0461,43867.33,16267.26,17,24
Beauty,P000344,Auren Makeup 0344,43183.91,14456.09,18,28
Beauty,P000675,Glowery Haircare 0675,43114.86,14329.86,19,29
Beauty,P000578,Silka Haircare 0578,39217.9,24053.08,20,14
Beauty,P000496,Glowery Haircare 0496,38378.75,15158.41,21,26
Beauty,P000351,BareBloom Skincare 0351,37370.76,17623.56,22,20
Beauty,P000600,Auren Makeup 0600,35748.6,12140.91,23,34
Beauty,P000598,Citrine Haircare 0598,35483.24,20544.44,24,17
Beauty,P000353,BareBloom Fragrance 0353,33660.24,18282.4,25,19
Beauty,P000245,Auren Haircare 0245,32322.76,19381.06,26,18
Beauty,P000121,Glowery Skincare 0121,31256.23,11646.73,27,35
Beauty,P000079,Auren Makeup 0079,31085.4,16075.44,28,25
Beauty,P000717,Citrine Skincare 0717,30502.49,17527.49,29,21
Beauty,P000460,Citrine Makeup 0460,29797.4,9867.47,30,44
Beauty,P000479,Silka Fragrance 0479,29768.41,17092.11,31,22
Beauty,P000212,Glowery Makeup 0212,29565.04,9770.92,32,46
Beauty,P000058,Glowery Fragrance 0058,29490.1,10268.65,33,43
Beauty,P000329,BareBloom Fragrance 0329,28615.8,14924.96,34,27
Beauty,P000234,Silka Makeup 0234,27751.87,9337.15,35,49
Beauty,P000490,Auren Skincare 0490,27327.52,9849.22,36,45
Beauty,P000096,Silka Skincare 0096,27008.59,10619.14,37,41
Beauty,P000770,Silka Haircare 0770,26243.04,8878.29,38,52
Beauty,P000381,BareBloom Fragrance 0381,24832.95,12347.15,39,32
Beauty,P000285,BareBloom Skincare 0285,24302.5,8158.32,40,56
Beauty,P000063,BareBloom Haircare 0063,24003.17,12379.25,41,31
Beauty,P000773,Glowery Skincare 0773,23870.84,12950.84,42,30
Beauty,P000020,Citrine Haircare 0020,23743.47,11018.72,43,38
Beauty,P000393,Auren Haircare 0393,23605.79,9597.29,44,47
Beauty,P000582,BareBloom Fragrance 0582,22830.68,11623.26,45,36
Beauty,P000120,Glowery Skincare 0120,22763.26,8893.56,46,51
Beauty,P000505,BareBloom Makeup 0505,21649.93,11139.37,47,37
Beauty,P000247,Citrine Skincare 0247,21638.54,8126.6,48,57
Beauty,P000130,Citrine Haircare 0130,20675.24,8786.12,49,53
Beauty,P000498,Silka Skincare 0498,20634.31,10914.81,50,40
Beauty,P000165,Auren Makeup 0165,20085.03,10366.86,51,42
Beauty,P000135,Citrine Makeup 0135,20033.12,12180.89,52,33
Beauty,P000570,Citrine Haircare 0570,18493.56,7912.92,53,60
Beauty,P000067,Citrine Haircare 0067,18340.77,11010.77,54,39
Beauty,P000308,BareBloom Makeup 0308,17897.65,8037.55,55,59
Beauty,P000114,Silka Makeup 0114,17113.39,6673.24,56,67
Beauty,P000564,Silka Fragrance 0564,16997.19,8344.14,57,55
Beauty,P000154,Citrine Skincare 0154,16200.1,8070.0,58,58
Beauty,P000244,BareBloom Makeup 0244,15981.3,9246.9,59,50
Beauty,P000148,BareBloom Skincare 0148,15958.87,9562.33,60,48
Beauty,P000483,BareBloom Haircare 0483,15823.8,7832.88,61,61
Beauty,P000274,Glowery Fragrance 0274,15408.68,7254.12,62,64
Beauty,P000465,Silka Makeup 0465,14982.55,6627.56,63,68
Beauty,P000133,BareBloom Haircare 0133,14478.18,7709.54,64,62
Beauty,P000690,Auren Haircare 0690,14362.49,8672.08,65,54
Beauty,P000324,Citrine Haircare 0324,14335.55,5520.17,66,70
Beauty,P000586,Silka Haircare 0586,13921.1,7528.75,67,63
Beauty,P000303,Glowery Skincare 0303,13826.46,4971.18,68,73
Beauty,P000645,Auren Skincare 0645,13055.96,7015.48,69,65
Beauty,P000685,Citrine Makeup 0685,12684.56,4916.24,70,74
Beauty,P000440,Glowery Makeup 0440,12147.4,6591.85,71,69
Beauty,P000328,Silka Makeup 0328,11827.61,6821.27,72,66
Beauty,P000478,Silka Haircare 0478,11747.22,4001.48,73,78
Beauty,P000229,Silka Haircare 0229,10397.41,3420.16,74,81
Beauty,P000777,Silka Haircare 0777,10385.94,5078.82,75,71
Beauty,P000336,Silka Haircare 0336,10315.32,5029.91,76,72
Beauty,P000659,Silka Skincare 0659,9795.64,4190.14,77,76
Beauty,P000594,Citrine Skincare 0594,9591.78,3584.87,78,80
Beauty,P000065,Silka Haircare 0065,9410.68,3233.08,79,82
Beauty,P000524,Auren Makeup 0524,9203.85,4797.63,80,75
Beauty,P000360,BareBloom Skincare 0360,8865.62,4012.1,81,77
Beauty,P000790,Glowery Skincare 0790,8754.39,3889.33,82,79
Beauty,P000197,Citrine Haircare 0197,7222.7,2503.9,83,85
Beauty,P000672,Glowery Makeup 0672,6811.15,3079.18,84,83
Beauty,P000354,BareBloom Haircare 0354,6212.71,2065.01,85,87
Beauty,P000772,Silka Haircare 0772,5372.21,2330.57,86,86
Beauty,P000559,BareBloom Makeup 0559,5271.91,3006.79,87,84
Beauty,P000696,BareBloom Makeup 0696,5220.65,1782.41,88,92
Beauty,P000489,Auren Makeup 0489,4996.3,1993.0,89,89
Beauty,P000706,Glowery Makeup 0706,4916.68,1802.32,90,91
Beauty,P000144,Glowery Makeup 0144,4412.93,2008.29,91,88
Beauty,P000784,Glowery Makeup 0784,4130.19,1812.63,92,90
Books,P000383,PageMint Business 0383,25755.25,14036.35,1,1
Books,P000262,Northstar Press Technology 0262,20214.76,5360.8,2,17
Books,P000357,Inkline Business 0357,20055.8,9151.35,3,2
Books,P000432,PageMint Business 0432,19191.12,8506.52,4,3
Books,P000667,Inkline Technology 0667,17324.35,4256.62,5,26
Books,P000001,Inkline Business 0001,17255.6,4879.64,6,20
Books,P000713,Northstar Press Technology 0713,16966.47,8055.26,7,5
Books,P000749,Inkline Business 0749,15274.9,6102.04,8,9
Books,P000567,BlueLeaf Technology 0567,15067.55,8106.19,9,4
Books,P000367,PageMint Technology 0367,14400.47,5305.87,10,18
Books,P000238,PageMint Business 0238,14231.74,4602.1,11,22
Books,P000236,Inkline Business 0236,13906.35,5719.95,12,10
Books,P000397,BlueLeaf Technology 0397,13601.96,7093.73,13,6
Books,P000021,Inkline Fiction 0021,13564.64,4251.63,14,27
Books,P000632,BlueLeaf Fiction 0632,13467.17,6723.17,15,7
Books,P000056,Northstar Press Fiction 0056,13291.33,6678.57,16,8
Books,P000430,Northstar Press Business 0430,13170.6,5373.94,17,16
Books,P000160,PageMint Children 0160,12932.48,4825.55,18,21
Books,P000301,BlueLeaf Children 0301,12542.6,5558.5,19,13
Books,P000105,Inkline Business 0105,12091.68,3053.63,20,38
Books,P000241,Northstar Press Business 0241,11615.26,3297.34,21,35
Books,P000167,Inkline Technology 0167,11484.84,5607.56,22,11
Books,P000008,Inkline Business 0008,11330.31,3901.67,23,30
Books,P000242,BlueLeaf Technology 0242,11276.37,5576.53,24,12
Books,P000426,Inkline Business 0426,11134.34,5496.12,25,15
Books,P000779,Inkline Business 0779,11103.79,3255.46,26,36
Books,P000520,Inkline Fiction 0520,10961.51,5531.31,27,14
Books,P000257,Northstar Press Technology 0257,10365.71,4410.21,28,23
Books,P000630,Inkline Technology 0630,10300.79,4095.57,29,28
Books,P000621,BlueLeaf Business 0621,10251.75,4350.72,30,24
Books,P000327,Northstar Press Technology 0327,10145.69,5065.51,31,19
Books,P000642,Northstar Press Technology 0642,8965.63,2966.56,32,41
Books,P000606,Northstar Press Fiction 0606,8713.64,2531.24,33,46
Books,P000117,Northstar Press Fiction 0117,8516.84,4285.24,34,25
Books,P000299,Inkline Business 0299,8193.9,4020.15,35,29
Books,P000201,Northstar Press Children 0201,7297.06,1906.77,36,55
Books,P000345,Northstar Press Technology 0345,7092.73,3451.19,37,32
Books,P000403,Northstar Press Technology 0403,6910.17,3441.57,38,33
Books,P000151,PageMint Technology 0151,6600.48,3394.69,39,34
Books,P000529,PageMint Fiction 0529,6596.45,1673.29,40,58
Books,P000214,BlueLeaf Children 0214,6489.38,3461.21,41,31
Books,P000139,Northstar Press Children 0139,6443.32,2970.12,42,40
Books,P000689,Northstar Press Business 0689,6419.29,2748.61,43,44
Books,P000064,BlueLeaf Fiction 0064,6202.85,1972.19,44,51
Books,P000627,Inkline Technology 0627,6174.16,1955.68,45,52
Books,P000549,Northstar Press Business 0549,6045.73,3224.11,46,37
Books,P000707,PageMint Children 0707,5972.68,1488.68,47,60
Books,P000025,BlueLeaf Fiction 0025,5810.71,1908.21,48,54
Books,P000358,Northstar Press Children 0358,5729.41,1425.51,49,62
Books,P000506,Northstar Press Fiction 0506,5710.11,1798.77,50,56
Books,P000007,Inkline Fiction 0007,5691.86,3010.86,51,39
Books,P000046,PageMint Fiction 0046,5643.05,2883.41,52,42
Books,P000459,Northstar Press Children 0459,5550.53,2351.45,53,47
Books,P000789,Inkline Fiction 0789,5361.3,2781.82,54,43
Books,P000298,BlueLeaf Children 0298,5344.22,1719.06,55,57
Books,P000639,BlueLeaf Fiction 0639,5204.89,2062.17,56,48
Books,P000080,Northstar Press Technology 0080,5015.47,2582.26,57,45
Books,P000787,BlueLeaf Children 0787,4896.25,1245.85,58,64
Books,P000168,Inkline Children 0168,4190.49,1989.41,59,50
Books,P000708,PageMint Technology 0708,4144.67,1427.93,60,61
Books,P000715,BlueLeaf Fiction 0715,4132.81,1937.26,61,53
Books,P000418,PageMint Fiction 0418,4108.69,1217.65,62,65
Books,P000343,Inkline Business 0343,4071.26,1102.47,63,67
Books,P000602,BlueLeaf Technology 0602,4038.58,2028.88,64,49
Books,P000371,PageMint Fiction 0371,4033.06,1120.31,65,66
Books,P000053,BlueLeaf Fiction 0053,3937.91,1550.07,66,59
Books,P000185,Northstar Press Fiction 0185,3035.09,861.45,67,70
Books,P000495,Northstar Press Children 0495,2896.35,1391.09,68,63
Books,P000019,PageMint Fiction 0019,2687.68,905.63,69,68
Books,P000574,PageMint Children 0574,2312.35,893.01,70,69
Books,P000083,PageMint Children 0083,1859.66,560.18,71,72
Books,P000346,PageMint Fiction 0346,1829.34,754.42,72,71
Books,P000014,Inkline Children 0014,1181.87,358.62,73,73
Electronics,P000768,Aster Laptops 0768,4280502.49,921769.15,1,1
Electronics,P000635,Nexora Phones 0635,2392953.43,532532.63,2,4
Electronics,P000086,ZenByte Laptops 0086,2305729.49,767742.52,3,2
Electronics,P000671,Aster Phones 0671,1897806.27,426751.8,4,7
Electronics,P000209,Nexora Laptops 0209,1810319.43,645906.71,5,3
Electronics,P000409,PulseTech Laptops 0409,1776164.46,361175.07,6,11
Electronics,P000759,Orbit Phones 0759,1471770.46,446695.57,7,6
Electronics,P000195,PulseTech Laptops 0195,1431508.57,253684.82,8,15
Electronics,P000442,Aster Laptops 0442,1356410.3,394253.42,9,9
Electronics,P000239,Orbit Laptops 0239,1334777.78,471999.98,10,5
Electronics,P000050,Orbit Phones 0050,1333742.18,404996.18,11,8
Electronics,P000435,Orbit Laptops 0435,1278282.34,315967.7,12,12
Electronics,P000769,ZenByte Laptops 0769,1219222.94,373660.81,13,10
Electronics,P000294,PulseTech Phones 0294,1185097.84,242672.69,14,19
Electronics,P000302,ZenByte Laptops 0302,1017155.65,165291.26,15,38
Electronics,P000590,Aster Cameras 0590,999062.68,164721.48,16,39
Electronics,P000075,Orbit Laptops 0075,960419.35,224236.45,17,22
Electronics,P000725,Aster Laptops 0725,938452.4,250820.93,18,17
Electronics,P000129,Aster Phones 0129,872438.47,252986.67,19,16
Electronics,P000485,Nexora Phones 0485,859160.41,148165.45,20,46
Electronics,P000091,Orbit Cameras 0091,834726.46,233606.46,21,21
Electronics,P000037,Nexora Laptops 0037,830851.47,171135.87,22,36
Electronics,P000555,Aster Laptops 0555,815465.09,264854.27,23,13
Electronics,P000341,Orbit Cameras 0341,804259.98,212999.85,24,23
Electronics,P000123,Orbit Laptops 0123,781343.8,154612.55,25,44
Electronics,P000230,PulseTech Phones 0230,769480.62,209972.16,26,25
Electronics,P000568,ZenByte Cameras 0568,755317.72,151643.95,27,45
Electronics,P000679,ZenByte Cameras 0679,747911.27,176801.27,28,33
Electronics,P000741,Nexora Laptops 0741,737976.37,201581.16,29,28
Electronics,P000561,PulseTech Laptops 0561,731154.55,257631.16,30,14
Electronics,P000059,Nexora Phones 0059,726228.94,199963.83,31,30
Electronics,P000462,Aster Phones 0462,716828.38,243884.94,32,18
Electronics,P000271,Nexora Cameras 0271,695813.56,146589.04,33,47
Electronics,P000029,Aster Phones 0029,689487.11,201527.84,34,29
Electronics,P000018,Aster Cameras 0018,673001.77,122452.65,35,57
Electronics,P000681,ZenByte Phones 0681,667346.64,188728.64,36,32
Electronics,P000404,ZenByte Phones 0404,665879.67,209292.77,37,26
Electronics,P000422,Aster Phones 0422,660501.55,114911.23,38,62
Electronics,P000052,Aster Laptops 0052,653709.64,117394.99,39,61
Electronics,P000764,Orbit Cameras 0764,652264.82,117553.19,40,60
Electronics,P000188,Nexora Phones 0188,629488.82,233727.26,41,20
Electronics,P000552,ZenByte Laptops 0552,626030.99,162856.49,42,41
Electronics,P000636,PulseTech Phones 0636,615895.92,198798.31,43,31
Electronics,P000535,ZenByte Cameras 0535,605721.68,120539.88,44,58
Electronics,P000449,Nexora Cameras 0449,595405.55,210757.61,45,24
Electronics,P000350,ZenByte Laptops 0350,580874.35,126145.35,46,54
Electronics,P000762,ZenByte Laptops 0762,577937.46,176785.02,47,34
Electronics,P000583,Orbit Phones 0583,575581.89,176407.02,48,35
Electronics,P000647,ZenByte Laptops 0647,564141.34,202714.31,49,27
Electronics,P000376,Aster Cameras 0376,540791.62,122580.91,50,56
Electronics,P000423,PulseTech Cameras 0423,530824.8,170860.82,51,37
Electronics,P000723,Nexora Laptops 0723,515505.34,129286.78,52,52
Electronics,P000703,Orbit Laptops 0703,512493.38,91226.73,53,71
Electronics,P000227,PulseTech Phones 0227,511309.53,145399.41,54,48
Electronics,P000474,Nexora Laptops 0474,492769.54,139061.17,55,50
Electronics,P000205,Orbit Cameras 0205,470041.37,164540.09,56,40
Electronics,P000273,Aster Cameras 0273,467256.32,75671.27,57,78
Electronics,P000513,Orbit Laptops 0513,466850.08,120171.56,58,59
Electronics,P000510,Aster Phones 0510,461692.41,125300.31,59,55
Electronics,P000217,ZenByte Cameras 0217,457295.26,93945.46,60,70
Electronics,P000098,ZenByte Cameras 0098,445765.89,142237.56,61,49
Electronics,P000744,Nexora Cameras 0744,445080.19,161057.39,62,42
Electronics,P000204,ZenByte Phones 0204,432490.79,72550.23,63,82
Electronics,P000794,PulseTech Phones 0794,424277.51,136090.07,64,51
Electronics,P000389,ZenByte Cameras 0389,421921.52,90325.3,65,72
Electronics,P000362,ZenByte Cameras 0362,418682.99,127864.43,66,53
Electronics,P000595,Aster Laptops 0595,417995.03,158713.06,67,43
Electronics,P000155,Nexora Phones 0155,410983.51,100980.08,68,67
Electronics,P000451,ZenByte Laptops 0451,401737.25,84775.01,69,73
Electronics,P000519,PulseTech Cameras 0519,398732.65,109243.15,70,64
Electronics,P000028,ZenByte Phones 0028,390300.76,107237.2,71,65
Electronics,P000109,PulseTech Phones 0109,377563.47,100941.71,72,68
Electronics,P000193,ZenByte Audio 0193,344716.84,81467.91,73,76
Electronics,P000392,Nexora Phones 0392,339175.86,111552.06,74,63
Electronics,P000469,Nexora Laptops 0469,330547.3,74007.78,75,81
Electronics,P000150,Nexora Audio 0150,317151.55,54835.2,76,88
Electronics,P000231,Aster Cameras 0231,300900.61,72192.97,77,83
Electronics,P000140,PulseTech Audio 0140,290981.34,106087.39,78,66
Electronics,P000292,Aster Cameras 0292,290709.69,51415.39,79,89
Electronics,P000261,Orbit Phones 0261,286902.07,82932.64,80,75
Electronics,P000619,PulseTech Phones 0619,261126.05,75417.67,81,79
Electronics,P000264,Aster Laptops 0264,260923.45,94927.62,82,69
Electronics,P000523,Nexora Cameras 0523,247761.91,71800.75,83,84
Electronics,P000742,PulseTech Phones 0742,240675.26,83858.76,84,74
Electronics,P000525,Nexora Cameras 0525,231804.66,68831.85,85,87
Electronics,P000069,ZenByte Cameras 0069,222954.79,38615.08,86,96
Electronics,P000650,Aster Cameras 0650,215360.54,78386.89,87,77
Electronics,P000797,Aster Phones 0797,213872.01,71057.16,88,85
Electronics,P000258,PulseTech Audio 0258,209414.73,40634.73,89,95
Electronics,P000664,Nexora Audio 0664,208815.06,74728.89,90,80
Electronics,P000240,Orbit Phones 0240,205141.23,70058.44,91,86
Electronics,P000718,ZenByte Phones 0718,204032.0,36572.18,92,99
Electronics,P000268,Aster Cameras 0268,186655.65,38580.81,93,97
Electronics,P000424,PulseTech Accessories 0424,178180.21,49507.47,94,91
Electronics,P000161,Nexora Audio 0161,177309.47,49740.52,95,90
Electronics,P000136,Aster Audio 0136,173341.64,47163.28,96,92
Electronics,P000395,Orbit Phones 0395,171523.33,41364.33,97,94
Electronics,P000290,Nexora Phones 0290,149727.68,29310.98,98,106
Electronics,P000726,Orbit Audio 0726,139869.73,31210.83,99,105
Electronics,P000337,PulseTech Phones 0337,129184.58,42448.42,100,93
Electronics,P000125,Nexora Audio 0125,124050.56,32239.68,101,103
Electronics,P000437,Nexora Audio 0437,121107.08,32130.2,102,104
Electronics,P000270,Nexora Audio 0270,120995.48,34422.65,103,101
Electronics,P000473,Aster Accessories 0473,120569.07,21646.27,104,111
Electronics,P000335,Aster Accessories 0335,116043.57,27204.45,105,108
Electronics,P000429,ZenByte Audio 0429,115794.39,34578.23,106,100
Electronics,P000287,Nexora Cameras 0287,112871.67,38416.77,107,98
Electronics,P000415,ZenByte Audio 0415,109171.36,17301.84,108,118
Electronics,P000732,PulseTech Accessories 0732,106357.57,28992.31,109,107
Electronics,P000099,PulseTech Audio 0099,96810.9,32383.7,110,102
Electronics,P000281,ZenByte Phones 0281,94113.9,25622.58,111,109
Electronics,P000218,ZenByte Accessories 0218,91123.69,15981.19,112,120
Electronics,P000164,PulseTech Accessories 0164,90424.13,21194.13,113,112
Electronics,P000545,PulseTech Accessories 0545,87442.63,19685.08,114,113
Electronics,P000628,Orbit Audio 0628,78193.38,19441.26,115,114
Electronics,P000207,Orbit Accessories 0207,72256.67,16237.07,116,119
Electronics,P000060,PulseTech Accessories 0060,68348.59,22934.59,117,110
Electronics,P000269,Nexora Audio 0269,65786.74,11108.5,118,124
Electronics,P000548,Aster Audio 0548,56952.73,14794.93,119,121
Electronics,P000775,Nexora Accessories 0775,56246.42,18923.42,120,116
Electronics,P000735,Nexora Audio 0735,54618.09,19218.62,121,115
Electronics,P000417,Aster Audio 0417,52637.66,8167.02,122,131
Electronics,P000005,Orbit Audio 0005,51364.31,17774.3,123,117
Electronics,P000364,PulseTech Accessories 0364,50997.74,10667.74,124,125
Electronics,P000363,Aster Audio 0363,46211.52,8973.93,125,130
Electronics,P000620,PulseTech Audio 0620,41840.35,13865.65,126,122
Electronics,P000375,PulseTech Accessories 0375,41830.88,13665.08,127,123
Electronics,P000339,Orbit Accessories 0339,36746.45,7669.1,128,133
Electronics,P000763,Nexora Accessories 0763,36569.54,9320.5,129,129
Electronics,P000608,Orbit Accessories 0608,32013.99,5513.79,130,138
Electronics,P000310,Orbit Accessories 0310,31749.1,9350.64,131,128
Electronics,P000455,Nexora Accessories 0455,31714.22,6073.7,132,136
Electronics,P000176,Orbit Accessories 0176,30571.2,7883.23,133,132
Electronics,P000085,Nexora Accessories 0085,30111.4,9473.2,134,127
Electronics,P000733,ZenByte Accessories 0733,29712.27,4920.77,135,144
Electronics,P000795,PulseTech Accessories 0795,27650.02,10073.17,136,126
Electronics,P000153,ZenByte Accessories 0153,27423.59,7263.59,137,135
Electronics,P000511,PulseTech Accessories 0511,27293.55,5247.27,138,140
Electronics,P000683,Nexora Accessories 0683,25297.17,5326.26,139,139
Electronics,P000128,Aster Accessories 0128,22310.16,7525.28,140,134
Electronics,P000009,Orbit Accessories 0009,19911.02,4993.6,141,142
Electronics,P000633,Orbit Accessories 0633,19830.37,5845.0,142,137
Electronics,P000259,Aster Accessories 0259,18175.92,3593.85,143,146
Electronics,P000766,Aster Accessories 0766,17413.57,5084.83,144,141
Electronics,P000643,ZenByte Accessories 0643,16955.73,4988.49,145,143
Electronics,P000728,Nexora Accessories 0728,15801.62,3830.84,146,145
Electronics,P000413,Orbit Accessories 0413,12409.89,3018.71,147,147
Fashion,P000332,Walkway Footwear 0332,442611.82,235225.72,1,1
Fashion,P000731,Walkway Bags 0731,412929.44,217830.94,2,2
Fashion,P000588,Walkway Bags 0588,410609.9,190961.15,3,4
Fashion,P000313,Luma Bags 0313,388340.4,179091.36,4,5
Fashion,P000112,Walkway Bags 0112,371124.51,193948.39,5,3
Fashion,P000115,Luma Bags 0115,330918.73,163339.85,6,6
Fashion,P000077,Walkway Bags 0077,250650.88,112785.88,7,9
Fashion,P000108,UrbanThread Footwear 0108,219479.71,123973.31,8,8
Fashion,P000084,Modeva Bags 0084,216738.0,125634.75,9,7
Fashion,P000738,Luma Women Apparel 0738,201319.94,82246.02,10,17
Fashion,P000283,Modeva Women Apparel 0283,200443.24,69605.44,11,24
Fashion,P000175,UrbanThread Footwear 0175,189297.54,98921.94,12,10
Fashion,P000593,Walkway Women Apparel 0593,158674.88,92217.58,13,11
Fashion,P000705,NorthStitch Footwear 0705,157978.55,76462.43,14,21
Fashion,P000263,Modeva Footwear 0263,151690.32,80486.87,15,20
Fashion,P000243,Modeva Bags 0243,151216.33,86880.83,16,13
Fashion,P000596,NorthStitch Bags 0596,145992.61,83074.46,17,15
Fashion,P000514,UrbanThread Bags 0514,145791.09,86869.59,18,14
Fashion,P000658,Walkway Women Apparel 0658,144637.41,87596.25,19,12
Fashion,P000416,UrbanThread Bags 0416,144017.45,65240.75,20,29
Fashion,P000319,Modeva Men Apparel 0319,143666.32,82824.88,21,16
Fashion,P000074,NorthStitch Accessories 0074,142707.39,56864.49,22,36
Fashion,P000737,UrbanThread Women Apparel 0737,142167.43,75221.31,23,22
Fashion,P000255,Luma Footwear 0255,141911.04,54143.88,24,38
Fashion,P000200,Luma Men Apparel 0200,137915.16,68927.15,25,25
Fashion,P000039,Luma Bags 0039,137162.44,82046.16,26,18
Fashion,P000398,Walkway Bags 0398,136692.16,81539.46,27,19
Fashion,P000747,UrbanThread Women Apparel 0747,136087.97,68652.89,28,26
Fashion,P000352,Walkway Men Apparel 0352,136033.57,43599.81,29,54
Fashion,P000665,Walkway Footwear 0665,134570.48,49653.7,30,44
Fashion,P000716,NorthStitch Bags 0716,127266.38,48117.17,31,46
Fashion,P000169,Luma Footwear 0169,125864.36,55399.46,32,37
Fashion,P000701,Modeva Men Apparel 0701,125331.13,71995.93,33,23
Fashion,P000163,Modeva Bags 0163,124733.3,60665.52,34,33
Fashion,P000445,Luma Footwear 0445,123417.68,57638.36,35,35
Fashion,P000272,Modeva Footwear 0272,123404.35,68228.47,36,27
Fashion,P000516,UrbanThread Men Apparel 0516,123004.92,45188.42,37,50
Fashion,P000419,Modeva Footwear 0419,121281.88,39365.47,38,59
Fashion,P000556,Walkway Men Apparel 0556,120672.14,53621.1,39,40
Fashion,P000702,Luma Footwear 0702,120184.36,51276.08,40,41
Fashion,P000196,UrbanThread Bags 0196,114522.88,60754.86,41,32
Fashion,P000798,UrbanThread Bags 0798,113495.48,46988.91,42,47
Fashion,P000221,Walkway Women Apparel 0221,111464.98,62778.86,43,31
Fashion,P000771,Modeva Women Apparel 0771,110087.5,45058.76,44,51
Fashion,P000691,Walkway Bags 0691,109578.67,67260.01,45,28
Fashion,P000488,Luma Footwear 0488,107955.73,63703.09,46,30
Fashion,P000103,UrbanThread Bags 0103,107642.68,34650.52,47,67
Fashion,P000656,Luma Footwear 0656,104633.51,43755.42,48,53
Fashion,P000254,Luma Men Apparel 0254,103685.39,45041.39,49,52
Fashion,P000071,Walkway Women Apparel 0071,102300.28,49182.38,50,45
Fashion,P000192,Luma Women Apparel 0192,101937.82,60367.9,51,34
Fashion,P000157,NorthStitch Women Apparel 0157,100597.09,33709.5,52,68
Fashion,P000044,Walkway Footwear 0044,98927.12,50274.2,53,43
Fashion,P000536,Modeva Women Apparel 0536,95589.44,50928.46,54,42
Fashion,P000134,Walkway Women Apparel 0134,94978.47,43018.21,55,56
Fashion,P000267,Luma Women Apparel 0267,91974.5,32024.5,56,72
Fashion,P000694,UrbanThread Footwear 0694,91020.31,53864.61,57,39
Fashion,P000654,NorthStitch Footwear 0654,90050.6,31244.7,58,75
Fashion,P000454,UrbanThread Accessories 0454,85506.29,46158.41,59,48
Fashion,P000089,Modeva Men Apparel 0089,83606.86,41782.22,60,57
Fashion,P000282,Modeva Men Apparel 0282,82008.67,39346.91,61,60
Fashion,P000127,Modeva Footwear 0127,81255.53,32290.37,62,71
Fashion,P000562,Modeva Women Apparel 0562,81074.64,40943.64,63,58
Fashion,P000051,NorthStitch Footwear 0051,80128.86,43599.15,64,55
Fashion,P000436,Walkway Men Apparel 0436,78987.09,25652.1,65,90
Fashion,P000407,Walkway Bags 0407,77746.32,33263.58,66,69
Fashion,P000517,UrbanThread Men Apparel 0517,75997.9,45724.3,67,49
Fashion,P000131,NorthStitch Men Apparel 0131,74748.87,26812.95,68,87
Fashion,P000369,Walkway Footwear 0369,71416.63,34815.23,69,66
Fashion,P000767,Modeva Bags 0767,70625.55,23601.55,70,96
Fashion,P000284,Luma Footwear 0284,70507.56,37743.96,71,61
Fashion,P000663,Walkway Women Apparel 0663,70393.19,23777.26,72,94
Fashion,P000076,Modeva Men Apparel 0076,69043.23,35398.23,73,65
Fashion,P000781,Modeva Men Apparel 0781,67691.44,21777.01,74,100
Fashion,P000482,Modeva Footwear 0482,66615.82,37279.26,75,62
Fashion,P000751,Luma Women Apparel 0751,64917.62,27581.37,76,83
Fashion,P000727,Walkway Women Apparel 0727,64255.52,27825.56,77,82
Fashion,P000456,Modeva Men Apparel 0456,63630.18,31293.72,78,74
Fashion,P000190,UrbanThread Footwear 0190,63625.37,32871.05,79,70
Fashion,P000036,Walkway Women Apparel 0036,63087.33,36646.89,80,64
Fashion,P000444,UrbanThread Bags 0444,62921.92,24621.67,81,92
Fashion,P000700,Modeva Footwear 0700,62111.69,30381.75,82,77
Fashion,P000476,Modeva Accessories 0476,61682.51,36705.92,83,63
Fashion,P000618,NorthStitch Men Apparel 0618,60338.75,23719.09,84,95
Fashion,P000494,Walkway Bags 0494,56307.55,31685.61,85,73
Fashion,P000669,UrbanThread Bags 0669,55666.7,28745.66,86,80
Fashion,P000048,Luma Men Apparel 0048,55642.59,27444.26,87,84
Fashion,P000401,Luma Women Apparel 0401,53585.01,17750.02,88,112
Fashion,P000515,Walkway Footwear 0515,52166.69,21253.7,89,104
Fashion,P000316,Walkway Men Apparel 0316,52071.68,24010.67,90,93
Fashion,P000016,Luma Bags 0016,51966.65,21434.41,91,102
Fashion,P000095,Luma Accessories 0095,51851.95,17252.19,92,117
Fashion,P000068,NorthStitch Women Apparel 0068,51802.71,29559.06,93,79
Fashion,P000589,Walkway Bags 0589,51563.85,30999.79,94,76
Fashion,P000309,NorthStitch Bags 0309,50874.71,26258.64,95,88
Fashion,P000484,Modeva Women Apparel 0484,50125.23,19565.23,96,107
Fashion,P000113,NorthStitch Women Apparel 0113,49952.81,30186.57,97,78
Fashion,P000206,Walkway Accessories 0206,49179.94,22574.27,98,99
Fashion,P000553,Walkway Men Apparel 0553,47767.66,25624.12,99,91
Fashion,P000507,NorthStitch Accessories 0507,46878.38,28547.84,100,81
Fashion,P000661,UrbanThread Footwear 0661,46275.17,19735.09,101,106
Fashion,P000530,UrbanThread Women Apparel 0530,45725.11,27329.95,102,86
Fashion,P000778,Luma Women Apparel 0778,45078.35,27352.33,103,85
Fashion,P000184,UrbanThread Men Apparel 0184,45005.08,16689.88,104,118
Fashion,P000571,NorthStitch Accessories 0571,44372.68,25869.52,105,89
Fashion,P000686,Luma Women Apparel 0686,43602.76,21315.76,106,103
Fashion,P000213,Modeva Accessories 0213,43592.1,14831.61,107,122
Fashion,P000791,Luma Women Apparel 0791,43171.32,17518.2,108,113
Fashion,P000374,Luma Accessories 0374,43139.05,22714.9,109,98
Fashion,P000427,Modeva Bags 0427,42950.42,21605.84,110,101
Fashion,P000753,Walkway Footwear 0753,42387.05,23399.25,111,97
Fashion,P000538,Luma Accessories 0538,38596.16,17802.2,112,111
Fashion,P000557,NorthStitch Accessories 0557,38231.91,18569.91,113,110
Fashion,P000147,UrbanThread Footwear 0147,35286.24,12726.24,114,128
Fashion,P000615,NorthStitch Accessories 0615,35240.17,18752.65,115,109
Fashion,P000682,Modeva Bags 0682,34862.58,15475.94,116,121
Fashion,P000348,NorthStitch Women Apparel 0348,34736.41,12050.49,117,131
Fashion,P000757,Walkway Men Apparel 0757,33723.35,20733.8,118,105
Fashion,P000587,NorthStitch Women Apparel 0587,33394.14,14506.15,119,123
Fashion,P000330,Walkway Accessories 0330,32913.51,19488.03,120,108
Fashion,P000796,UrbanThread Accessories 0796,32319.83,11763.84,121,132
Fashion,P000788,Luma Men Apparel 0788,31537.38,12943.35,122,127
Fashion,P000372,NorthStitch Women Apparel 0372,31161.38,17381.38,123,114
Fashion,P000033,Modeva Women Apparel 0033,31031.49,17315.97,124,115
Fashion,P000026,Luma Accessories 0026,30688.75,16175.17,125,120
Fashion,P000266,Walkway Men Apparel 0266,30611.86,17302.54,126,116
Fashion,P000752,Walkway Men Apparel 0752,29989.15,13947.95,127,124
Fashion,P000693,Modeva Men Apparel 0693,29104.52,13556.78,128,126
Fashion,P000277,UrbanThread Men Apparel 0277,28915.53,13797.42,129,125
Fashion,P000475,NorthStitch Bags 0475,26484.58,9321.98,130,137
Fashion,P000793,Luma Men Apparel 0793,26465.34,16267.22,131,119
Fashion,P000199,Luma Men Apparel 0199,24131.14,11070.88,132,133
Fashion,P000464,Luma Men Apparel 0464,23387.78,10596.34,133,134
Fashion,P000756,NorthStitch Men Apparel 0756,22310.46,12473.1,134,130
Fashion,P000323,Luma Men Apparel 0323,21536.25,12500.1,135,129
Fashion,P000225,UrbanThread Accessories 0225,20456.45,9500.06,136,136
Fashion,P000146,UrbanThread Accessories 0146,19941.47,9864.59,137,135
Fashion,P000171,Modeva Accessories 0171,16880.96,7660.76,138,139
Fashion,P000644,Luma Footwear 0644,14587.02,7722.48,139,138
Fashion,P000580,Modeva Men Apparel 0580,13521.85,6339.13,140,140
Fashion,P000539,NorthStitch Accessories 0539,8062.79,4402.31,141,141
Fashion,P000173,NorthStitch Accessories 0173,7590.04,3024.25,142,142
Grocery,P000132,GreenFarm Snacks 0132,31449.59,15428.06,1,1
Grocery,P000711,DailyBite Organic 0711,27712.83,10487.37,2,4
Grocery,P000468,GreenFarm Beverages 0468,27087.06,13436.08,3,2
Grocery,P000431,HarvestLane Organic 0431,24845.86,9362.96,4,5
Grocery,P000386,GreenFarm Pantry 0386,23282.44,12228.04,5,3
Grocery,P000585,DailyBite Pantry 0585,19682.76,9111.61,6,6
Grocery,P000765,GreenFarm Pantry 0765,19145.2,7723.21,7,8
Grocery,P000405,Freshly Beverages 0405,16733.44,7074.44,8,10
Grocery,P000782,Freshly Pantry 0782,16505.78,5906.62,9,12
Grocery,P000447,GreenFarm Pantry 0447,16483.19,4737.47,10,21
Grocery,P000023,GreenFarm Organic 0023,15982.63,8262.12,11,7
Grocery,P000100,GreenFarm Organic 0100,15070.67,7487.57,12,9
Grocery,P000614,Freshly Beverages 0614,14427.97,4623.37,13,22
Grocery,P000235,HarvestLane Organic 0235,14398.52,4382.92,14,24
Grocery,P000006,GreenFarm Organic 0006,12676.98,4956.6,15,18
Grocery,P000219,HarvestLane Pantry 0219,12317.37,5949.45,16,11
Grocery,P000382,Freshly Pantry 0382,12291.72,3392.22,17,29
Grocery,P000174,GreenFarm Pantry 0174,12177.24,4963.8,18,17
Grocery,P000463,GreenFarm Pantry 0463,11902.17,5587.71,19,14
Grocery,P000503,DailyBite Snacks 0503,11775.9,4278.9,20,26
Grocery,P000137,HarvestLane Organic 0137,11401.31,3611.31,21,28
Grocery,P000361,DailyBite Pantry 0361,11282.37,4781.33,22,20
Grocery,P000342,DailyBite Organic 0342,10935.26,5729.26,23,13
Grocery,P000202,HarvestLane Beverages 0202,10579.63,4854.87,24,19
Grocery,P000599,HarvestLane Snacks 0599,10257.81,5345.21,25,15
Grocery,P000758,GreenFarm Organic 0758,9892.67,3325.91,26,32
Grocery,P000347,GreenFarm Beverages 0347,9836.29,5300.92,27,16
Grocery,P000226,DailyBite Pantry 0226,9296.75,2332.07,28,42
Grocery,P000527,Freshly Organic 0527,9269.83,2691.59,29,37
Grocery,P000320,GreenFarm Beverages 0320,9021.15,2440.85,30,41
Grocery,P000224,Freshly Snacks 0224,8953.39,4374.01,31,25
Grocery,P000104,Freshly Beverages 0104,8940.24,3762.53,32,27
Grocery,P000591,Freshly Beverages 0591,8635.8,2779.32,33,36
Grocery,P000377,Freshly Beverages 0377,8537.83,3030.96,34,34
Grocery,P000528,Freshly Pantry 0528,8286.54,4530.84,35,23
Grocery,P000673,HarvestLane Organic 0673,8086.12,3389.72,36,30
Grocery,P000457,HarvestLane Snacks 0457,8056.92,3358.17,37,31
Grocery,P000541,Freshly Snacks 0541,8022.27,2547.04,38,38
Grocery,P000265,GreenFarm Organic 0265,7117.28,2159.75,39,43
Grocery,P000605,HarvestLane Organic 0605,6835.61,3195.82,40,33
Grocery,P000191,Freshly Pantry 0191,6740.3,2847.74,41,35
Grocery,P000631,GreenFarm Pantry 0631,6446.44,1856.44,42,48
Grocery,P000162,DailyBite Snacks 0162,6172.53,1622.13,43,52
Grocery,P000340,HarvestLane Snacks 0340,5973.36,2155.92,44,44
Grocery,P000410,HarvestLane Pantry 0410,5273.14,1957.94,45,46
Grocery,P000625,HarvestLane Beverages 0625,5172.63,1951.83,46,47
Grocery,P000388,HarvestLane Beverages 0388,5046.21,2535.28,47,39
Grocery,P000544,GreenFarm Beverages 0544,5038.01,1571.75,48,54
Grocery,P000012,DailyBite Snacks 0012,4791.59,1736.59,49,49
Grocery,P000420,HarvestLane Beverages 0420,4720.4,2510.72,50,40
Grocery,P000724,Freshly Snacks 0724,4639.59,1609.35,51,53
Grocery,P000720,Freshly Organic 0720,4626.32,1262.34,52,56
Grocery,P000143,HarvestLane Pantry 0143,4566.53,1192.53,53,60
Grocery,P000170,DailyBite Pantry 0170,4456.17,1231.81,54,57
Grocery,P000668,HarvestLane Pantry 0668,4452.22,1649.24,55,51
Grocery,P000178,HarvestLane Pantry 0178,4379.27,1117.72,56,63
Grocery,P000613,HarvestLane Pantry 0613,3919.53,1211.6,57,59
Grocery,P000297,DailyBite Organic 0297,3907.23,1189.93,58,61
Grocery,P000688,DailyBite Organic 0688,3882.33,2023.88,59,45
Grocery,P000032,Freshly Pantry 0032,3880.95,1097.07,60,65
Grocery,P000321,HarvestLane Snacks 0321,3436.49,1654.22,61,50
Grocery,P000623,GreenFarm Beverages 0623,3289.39,1226.27,62,58
Grocery,P000293,DailyBite Pantry 0293,3253.43,918.07,63,66
Grocery,P000785,HarvestLane Beverages 0785,2712.99,1339.89,64,55
Grocery,P000233,GreenFarm Pantry 0233,2693.67,1188.32,65,62
Grocery,P000677,GreenFarm Snacks 0677,2310.7,1104.42,66,64
Grocery,P000402,DailyBite Beverages 0402,2171.17,646.37,67,67
Home & Kitchen,P000107,CraftHaus Furniture 0107,1347149.93,470414.88,1,2
Home & Kitchen,P000248,CraftHaus Furniture 0248,1318380.46,650690.58,2,1
Home & Kitchen,P000509,CraftHaus Furniture 0509,913643.42,442953.99,3,4
Home & Kitchen,P000472,BrightNest Furniture 0472,890460.35,463664.65,4,3
Home & Kitchen,P000584,CraftHaus Appliances 0584,743994.52,295603.52,5,7
Home & Kitchen,P000624,BrightNest Furniture 0624,740183.43,306236.19,6,6
Home & Kitchen,P000626,BrightNest Furniture 0626,727869.84,217546.62,7,9
Home & Kitchen,P000307,Kiva Furniture 0307,724359.11,393657.26,8,5
Home & Kitchen,P000038,Elm & Co Furniture 0038,696975.2,175807.15,9,14
Home & Kitchen,P000487,Homely Furniture 0487,622631.42,210834.26,10,11
Home & Kitchen,P000306,Kiva Furniture 0306,582274.05,213819.23,11,10
Home & Kitchen,P000378,Kiva Furniture 0378,549964.22,165993.1,12,15
Home & Kitchen,P000551,Kiva Furniture 0551,508245.37,185052.43,13,13
Home & Kitchen,P000047,Elm & Co Furniture 0047,490249.14,230052.58,14,8
Home & Kitchen,P000486,BrightNest Furniture 0486,390855.1,120572.66,15,24
Home & Kitchen,P000249,BrightNest Furniture 0249,389244.69,186674.49,16,12
Home & Kitchen,P000385,Kiva Appliances 0385,375431.33,103635.73,17,29
Home & Kitchen,P000678,BrightNest Appliances 0678,366198.21,111955.12,18,27
Home & Kitchen,P000027,Kiva Furniture 0027,362164.92,152887.46,19,19
Home & Kitchen,P000740,Homely Furniture 0740,337650.84,162056.24,20,16
Home & Kitchen,P000057,BrightNest Furniture 0057,312419.39,146857.07,21,20
Home & Kitchen,P000533,CraftHaus Appliances 0533,300027.73,153115.79,22,18
Home & Kitchen,P000610,CraftHaus Furniture 0610,299183.66,142146.78,23,21
Home & Kitchen,P000384,Elm & Co Furniture 0384,292351.25,158070.21,24,17
Home & Kitchen,P000062,BrightNest Furniture 0062,263600.6,71242.07,25,37
Home & Kitchen,P000111,Elm & Co Cookware 0111,262672.23,136739.03,26,22
Home & Kitchen,P000276,Kiva Furniture 0276,260195.63,128301.43,27,23
Home & Kitchen,P000522,Elm & Co Cookware 0522,259339.83,89122.23,28,32
Home & Kitchen,P000745,CraftHaus Furniture 0745,250736.85,63727.89,29,41
Home & Kitchen,P000355,Elm & Co Cookware 0355,250640.29,88740.69,30,33
Home & Kitchen,P000359,Elm & Co Appliances 0359,240129.77,112396.97,31,26
Home & Kitchen,P000141,Homely Furniture 0141,232942.25,63826.82,32,40
Home & Kitchen,P000373,Kiva Appliances 0373,231808.85,85768.55,33,34
Home & Kitchen,P000748,Elm & Co Furniture 0748,229577.12,95556.41,34,30
Home & Kitchen,P000183,BrightNest Appliances 0183,222889.95,94872.15,35,31
Home & Kitchen,P000015,BrightNest Furniture 0015,219309.28,113917.84,36,25
Home & Kitchen,P000721,Kiva Cookware 0721,204915.51,106303.01,37,28
Home & Kitchen,P000648,Elm & Co Furniture 0648,199020.69,63590.23,38,42
Home & Kitchen,P000560,Homely Furniture 0560,192030.76,49822.39,39,52
Home & Kitchen,P000526,Homely Cookware 0526,178293.56,65742.44,40,39
Home & Kitchen,P000581,BrightNest Furniture 0581,171567.11,77699.51,41,35
Home & Kitchen,P000022,BrightNest Appliances 0022,171435.84,47494.88,42,55
Home & Kitchen,P000172,Homely Appliances 0172,163394.11,55902.67,43,45
Home & Kitchen,P000250,Kiva Appliances 0250,153102.49,71464.42,44,36
Home & Kitchen,P000438,BrightNest Appliances 0438,149414.67,55033.5,45,46
Home & Kitchen,P000576,Homely Decor 0576,149220.31,41601.19,46,61
Home & Kitchen,P000634,Elm & Co Appliances 0634,138957.73,54168.93,47,48
Home & Kitchen,P000558,Elm & Co Appliances 0558,136357.21,53765.19,48,49
Home & Kitchen,P000734,Homely Storage 0734,133895.92,49866.52,49,51
Home & Kitchen,P000119,BrightNest Furniture 0119,133313.52,71026.02,50,38
Home & Kitchen,P000546,Elm & Co Cookware 0546,120987.34,42178.47,51,60
Home & Kitchen,P000366,Homely Cookware 0366,116432.79,54488.27,52,47
Home & Kitchen,P000792,Elm & Co Decor 0792,115221.74,61785.74,53,43
Home & Kitchen,P000093,BrightNest Appliances 0093,114869.91,40971.51,54,63
Home & Kitchen,P000126,Kiva Decor 0126,113390.57,49947.7,55,50
Home & Kitchen,P000680,CraftHaus Decor 0680,108790.65,58170.15,56,44
Home & Kitchen,P000304,CraftHaus Cookware 0304,106411.72,46382.73,57,56
Home & Kitchen,P000094,CraftHaus Appliances 0094,106346.43,28460.1,58,78
Home & Kitchen,P000651,CraftHaus Appliances 0651,106062.12,31288.52,59,74
Home & Kitchen,P000497,Homely Cookware 0497,100384.85,25979.33,60,82
Home & Kitchen,P000232,Kiva Storage 0232,99539.08,35874.08,61,66
Home & Kitchen,P000312,CraftHaus Decor 0312,99505.96,32405.75,62,71
Home & Kitchen,P000670,Kiva Decor 0670,97857.65,48910.29,63,54
Home & Kitchen,P000315,Homely Decor 0315,97225.06,32413.48,64,70
Home & Kitchen,P000573,Homely Furniture 0573,96685.96,37367.79,65,65
Home & Kitchen,P000288,Kiva Storage 0288,92584.18,45235.06,66,58
Home & Kitchen,P000676,Kiva Appliances 0676,91031.68,44086.88,67,59
Home & Kitchen,P000746,Kiva Cookware 0746,90762.9,49611.3,68,53
Home & Kitchen,P000760,Kiva Cookware 0760,88994.74,41161.18,69,62
Home & Kitchen,P000253,Elm & Co Cookware 0253,87823.23,31196.11,70,75
Home & Kitchen,P000010,CraftHaus Cookware 0010,86440.73,40719.25,71,64
Home & Kitchen,P000729,Homely Cookware 0729,86376.83,45740.03,72,57
Home & Kitchen,P000379,Kiva Furniture 0379,85788.82,34630.02,73,68
Home & Kitchen,P000601,BrightNest Decor 0601,84957.77,34833.41,74,67
Home & Kitchen,P000317,BrightNest Cookware 0317,83151.64,29620.6,75,76
Home & Kitchen,P000187,Kiva Decor 0187,77437.14,26907.06,76,81
Home & Kitchen,P000730,BrightNest Appliances 0730,76589.65,27792.07,77,80
Home & Kitchen,P000011,Kiva Storage 0011,74575.31,31841.31,78,73
Home & Kitchen,P000739,CraftHaus Decor 0739,70407.11,18314.41,79,97
Home & Kitchen,P000399,BrightNest Decor 0399,68929.86,31855.35,80,72
Home & Kitchen,P000458,CraftHaus Decor 0458,68156.34,34221.96,81,69
Home & Kitchen,P000210,Homely Storage 0210,68139.55,28341.55,82,79
Home & Kitchen,P000035,Homely Cookware 0035,68047.5,17705.01,83,98
Home & Kitchen,P000222,CraftHaus Storage 0222,66303.36,23189.16,84,88
Home & Kitchen,P000550,BrightNest Decor 0550,62977.96,23539.06,85,86
Home & Kitchen,P000088,Kiva Decor 0088,62893.03,22761.65,86,92
Home & Kitchen,P000592,Elm & Co Decor 0592,59902.09,21958.09,87,93
Home & Kitchen,P000400,CraftHaus Decor 0400,58829.37,22949.37,88,91
Home & Kitchen,P000286,BrightNest Decor 0286,58168.6,17185.84,89,101
Home & Kitchen,P000002,BrightNest Cookware 0002,57091.75,28672.63,90,77
Home & Kitchen,P000220,BrightNest Decor 0220,56759.62,24898.9,91,84
Home & Kitchen,P000710,BrightNest Decor 0710,55285.12,19022.08,92,96
Home & Kitchen,P000314,Kiva Decor 0314,52034.17,25021.17,93,83
Home & Kitchen,P000138,Elm & Co Cookware 0138,50875.2,21845.43,94,94
Home & Kitchen,P000547,BrightNest Decor 0547,49107.21,12372.33,95,111
Home & Kitchen,P000097,BrightNest Cookware 0097,48574.2,23288.28,96,87
Home & Kitchen,P000145,Homely Decor 0145,47768.11,23146.67,97,90
Home & Kitchen,P000124,Homely Cookware 0124,47252.79,15423.54,98,105
Home & Kitchen,P000203,Elm & Co Cookware 0203,46312.28,13237.1,99,107
Home & Kitchen,P000142,Kiva Storage 0142,46039.09,12912.04,100,109
Home & Kitchen,P000480,CraftHaus Appliances 0480,45603.16,17586.82,101,99
Home & Kitchen,P000237,CraftHaus Decor 0237,45296.49,23149.47,102,89
Home & Kitchen,P000504,Elm & Co Storage 0504,45103.28,23765.6,103,85
Home & Kitchen,P000622,CraftHaus Decor 0622,43465.05,13360.95,104,106
Home & Kitchen,P000481,CraftHaus Decor 0481,38994.5,17159.46,105,102
Home & Kitchen,P000470,BrightNest Decor 0470,37587.97,19393.05,106,95
Home & Kitchen,P000034,BrightNest Decor 0034,37066.37,17537.67,107,100
Home & Kitchen,P000082,Kiva Storage 0082,34947.9,15682.05,108,104
Home & Kitchen,P000278,Elm & Co Storage 0278,34253.75,11724.5,109,114
Home & Kitchen,P000499,CraftHaus Storage 0499,34226.99,11299.91,110,117
Home & Kitchen,P000072,Elm & Co Storage 0072,34147.46,16931.36,111,103
Home & Kitchen,P000783,Kiva Cookware 0783,33115.36,10039.86,112,120
Home & Kitchen,P000311,Elm & Co Decor 0311,32451.26,10427.19,113,119
Home & Kitchen,P000687,Kiva Cookware 0687,30570.42,12998.01,114,108
Home & Kitchen,P000041,Homely Decor 0041,30406.91,11077.94,115,118
Home & Kitchen,P000569,CraftHaus Storage 0569,29456.6,7857.36,116,127
Home & Kitchen,P000070,CraftHaus Storage 0070,29052.45,11887.86,117,113
Home & Kitchen,P000177,CraftHaus Cookware 0177,28907.87,9023.67,118,126
Home & Kitchen,P000709,Homely Storage 0709,27280.59,9363.45,119,125
Home & Kitchen,P000722,BrightNest Storage 0722,25430.65,9672.17,120,122
Home & Kitchen,P000166,CraftHaus Cookware 0166,24412.37,12241.25,121,112
Home & Kitchen,P000786,CraftHaus Decor 0786,24123.89,12841.13,122,110
Home & Kitchen,P000684,CraftHaus Storage 0684,23302.95,9832.32,123,121
Home & Kitchen,P000754,CraftHaus Decor 0754,22783.36,9463.56,124,123
Home & Kitchen,P000660,BrightNest Decor 0660,22599.8,11531.05,125,115
Home & Kitchen,P000322,Homely Cookware 0322,21915.43,11486.48,126,116
Home & Kitchen,P000477,Homely Decor 0477,21270.69,9431.39,127,124
Home & Kitchen,P000471,Elm & Co Storage 0471,21263.53,6023.29,128,129
Home & Kitchen,P000149,CraftHaus Decor 0149,21080.35,7769.51,129,128
Home & Kitchen,P000396,Elm & Co Decor 0396,16546.0,5629.04,130,130
Home & Kitchen,P000090,Kiva Decor 0090,11300.52,4861.37,131,131
Home & Kitchen,P000500,Homely Storage 0500,9212.95,3008.22,132,132
Sports,P000368,VoltFit Cycling 0368,477099.2,238605.34,1,1
Sports,P000180,MotionLab Cycling 0180,366553.08,159901.53,2,2
Sports,P000616,Stride Cycling 0616,337562.57,104329.1,3,8
Sports,P000331,ArenaPro Cycling 0331,309762.88,150319.95,4,3
Sports,P000609,MotionLab Cycling 0609,306650.08,116826.02,5,7
Sports,P000031,TrailPeak Fitness 0031,292980.19,140119.99,6,5
Sports,P000531,MotionLab Cycling 0531,291508.17,130072.57,7,6
Sports,P000443,TrailPeak Cycling 0443,283351.83,147594.61,8,4
Sports,P000653,Stride Cycling 0653,247472.48,86777.0,9,10
Sports,P000565,VoltFit Fitness 0565,233004.53,66792.23,10,14
Sports,P000300,ArenaPro Outdoor 0300,217425.97,71730.51,11,12
Sports,P000649,TrailPeak Cycling 0649,212468.65,103772.71,12,9
Sports,P000318,TrailPeak Outdoor 0318,210393.8,64958.21,13,15
Sports,P000501,Stride Cycling 0501,180972.16,73064.85,14,11
Sports,P000333,MotionLab Cycling 0333,164368.89,62396.11,15,19
Sports,P000446,MotionLab Cycling 0446,163791.13,52024.93,16,25
Sports,P000087,MotionLab Cycling 0087,159909.35,41607.53,17,38
Sports,P000081,VoltFit Cycling 0081,153537.3,54012.26,18,23
Sports,P000394,TrailPeak Fitness 0394,146839.95,64030.89,19,17
Sports,P000043,VoltFit Outdoor 0043,144562.62,54185.13,20,22
Sports,P000156,Stride Cycling 0156,144555.36,36970.28,21,40
Sports,P000158,TrailPeak Cycling 0158,143817.91,53621.62,22,24
Sports,P000534,MotionLab Outdoor 0534,139424.21,42684.71,23,37
Sports,P000467,TrailPeak Outdoor 0467,135180.01,69765.53,24,13
Sports,P000326,MotionLab Outdoor 0326,134711.75,55960.1,25,21
Sports,P000061,Stride Cycling 0061,133328.77,42750.73,26,36
Sports,P000159,VoltFit Outdoor 0159,128943.93,63115.77,27,18
Sports,P000799,ArenaPro Fitness 0799,127921.38,48769.7,28,28
Sports,P000223,MotionLab Fitness 0223,121708.66,40172.77,29,39
Sports,P000211,Stride Fitness 0211,119943.68,64471.39,30,16
Sports,P000612,ArenaPro Team Sports 0612,111295.19,46595.75,31,35
Sports,P000251,VoltFit Outdoor 0251,111073.16,51071.68,32,27
Sports,P000736,ArenaPro Outdoor 0736,110226.52,57062.92,33,20
Sports,P000208,MotionLab Cycling 0208,108992.76,47279.94,34,33
Sports,P000092,Stride Fitness 0092,107979.93,48676.32,35,29
Sports,P000439,VoltFit Outdoor 0439,102485.94,47660.04,36,31
Sports,P000719,MotionLab Cycling 0719,101709.95,51126.97,37,26
Sports,P000697,VoltFit Outdoor 0697,93309.0,47112.48,38,34
Sports,P000604,TrailPeak Fitness 0604,90715.52,28137.68,39,48
Sports,P000492,Stride Team Sports 0492,89642.97,48162.27,40,30
Sports,P000256,MotionLab Outdoor 0256,87775.84,47640.5,41,32
Sports,P000054,MotionLab Outdoor 0054,87660.52,36962.97,42,41
Sports,P000637,VoltFit Outdoor 0637,85693.22,22242.46,43,56
Sports,P000078,ArenaPro Fitness 0078,83861.5,22996.9,44,55
Sports,P000761,TrailPeak Fitness 0761,81451.1,28795.59,45,47
Sports,P000365,MotionLab Cycling 0365,77444.99,35258.53,46,42
Sports,P000102,Stride Fitness 0102,76486.38,24137.13,47,52
Sports,P000617,ArenaPro Fitness 0617,75613.2,17847.6,48,62
Sports,P000666,MotionLab Fitness 0666,73626.65,32259.27,49,43
Sports,P000411,VoltFit Fitness 0411,72177.54,31956.32,50,44
Sports,P000013,ArenaPro Outdoor 0013,69164.42,28928.96,51,46
Sports,P000040,VoltFit Outdoor 0040,64420.15,24862.15,52,51
Sports,P000641,MotionLab Team Sports 0641,63137.78,28058.12,53,49
Sports,P000122,VoltFit Outdoor 0122,61020.9,17386.96,54,63
Sports,P000216,MotionLab Fitness 0216,60959.3,23525.15,55,53
Sports,P000030,VoltFit Cycling 0030,59348.2,20248.3,56,59
Sports,P000638,TrailPeak Fitness 0638,57826.45,29171.45,57,45
Sports,P000699,Stride Team Sports 0699,57319.28,14653.27,58,70
Sports,P000049,MotionLab Fitness 0049,56088.58,18949.14,59,61
Sports,P000275,Stride Team Sports 0275,54360.37,23389.57,60,54
Sports,P000189,MotionLab Team Sports 0189,52266.97,25385.77,61,50
Sports,P000421,Stride Team Sports 0421,50182.07,19719.11,62,60
Sports,P000755,TrailPeak Fitness 0755,50161.57,21786.37,63,57
Sports,P000674,Stride Fitness 0674,49262.74,16933.96,64,64
Sports,P000597,MotionLab Fitness 0597,47031.13,14857.55,65,69
Sports,P000412,MotionLab Cycling 0412,44271.3,13645.58,66,73
Sports,P000338,MotionLab Outdoor 0338,42461.32,20516.14,67,58
Sports,P000453,VoltFit Outdoor 0453,38953.18,16344.7,68,66
Sports,P000712,Stride Team Sports 0712,34204.26,13852.26,69,71
Sports,P000186,VoltFit Fitness 0186,33217.25,13688.81,70,72
Sports,P000433,VoltFit Team Sports 0433,32646.36,16489.8,71,65
Sports,P000215,VoltFit Outdoor 0215,32410.83,15963.96,72,68
Sports,P000118,Stride Team Sports 0118,31998.31,16000.35,73,67
Sports,P000387,Stride Fitness 0387,29630.41,10866.25,74,75
Sports,P000491,ArenaPro Team Sports 0491,28524.27,9172.77,75,77
Sports,P000055,VoltFit Outdoor 0055,27612.24,7294.53,76,79
Sports,P000532,VoltFit Team Sports 0532,24799.27,6283.62,77,82
Sports,P000380,ArenaPro Team Sports 0380,24018.06,12844.88,78,74
Sports,P000106,VoltFit Team Sports 0106,22791.71,7197.56,79,80
Sports,P000800,VoltFit Team Sports 0800,20066.69,5272.97,80,83
Sports,P000566,MotionLab Team Sports 0566,19110.68,9278.0,81,76
Sports,P000493,MotionLab Fitness 0493,17777.32,5253.24,82,84
Sports,P000466,Stride Fitness 0466,16640.74,6530.24,83,81
Sports,P000004,Stride Fitness 0004,14901.98,8080.22,84,78
Sports,P000518,Stride Team Sports 0518,11976.39,4537.44,85,85
Toys,P000179,PuzzleWorks STEM Toys 0179,89361.51,43276.44,1,1
Toys,P000554,Kidora Outdoor Toys 0554,60372.55,20205.01,2,4
Toys,P000577,PuzzleWorks Outdoor Toys 0577,57017.37,19868.41,3,5
Toys,P000780,BrightPlay Dolls 0780,51085.81,21772.05,4,3
Toys,P000325,Kidora STEM Toys 0325,50557.96,17738.8,5,6
Toys,P000434,BrightPlay Outdoor Toys 0434,49702.33,24948.73,6,2
Toys,P000182,Kidora STEM Toys 0182,39566.07,14042.34,7,10
Toys,P000296,BrightPlay Outdoor Toys 0296,34771.07,13479.59,8,13
Toys,P000750,Kidora Board Games 0750,32087.71,14877.55,9,7
Toys,P000305,PuzzleWorks Dolls 0305,29902.62,13494.61,10,12
Toys,P000152,Kidora Board Games 0152,29507.08,8183.56,11,22
Toys,P000279,PuzzleWorks STEM Toys 0279,28744.82,12154.04,12,16
Toys,P000073,Kidora STEM Toys 0073,28087.24,14724.09,13,8
Toys,P000024,BrightPlay STEM Toys 0024,27287.3,14515.7,14,9
Toys,P000563,PuzzleWorks Outdoor Toys 0563,26982.02,13691.34,15,11
Toys,P000607,PuzzleWorks Dolls 0607,26909.48,7498.88,16,24
Toys,P000714,BrightPlay Dolls 0714,26014.04,12345.5,17,15
Toys,P000776,BrightPlay Dolls 0776,25807.72,12872.56,18,14
Toys,P000181,BrightPlay STEM Toys 0181,24927.88,9811.24,19,20
Toys,P000743,WonderBox Board Games 0743,23841.38,8466.64,20,21
Toys,P000652,BrightPlay STEM Toys 0652,23404.41,6961.65,21,27
Toys,P000657,PuzzleWorks STEM Toys 0657,23009.24,11305.08,22,17
Toys,P000655,BrightPlay Dolls 0655,21266.11,10989.46,23,18
Toys,P000414,PuzzleWorks STEM Toys 0414,20459.44,6132.49,24,32
Toys,P000390,PuzzleWorks STEM Toys 0390,20410.03,7864.91,25,23
Toys,P000508,BrightPlay Outdoor Toys 0508,20265.07,10418.84,26,19
Toys,P000045,WonderBox Outdoor Toys 0045,20214.18,6205.86,27,31
Toys,P000280,PuzzleWorks STEM Toys 0280,19690.8,6069.48,28,33
Toys,P000452,PuzzleWorks Dolls 0452,19109.87,5258.3,29,36
Toys,P000543,BrightPlay STEM Toys 0543,18968.32,6567.22,30,29
Toys,P000370,BrightPlay Board Games 0370,18288.2,4740.37,31,39
Toys,P000246,WonderBox Board Games 0246,16682.79,5198.61,32,37
Toys,P000334,Kidora Board Games 0334,16170.98,5660.1,33,34
Toys,P000774,WonderBox Outdoor Toys 0774,16098.57,7045.55,34,25
Toys,P000110,Kidora Board Games 0110,14885.13,3571.7,35,47
Toys,P000579,PuzzleWorks STEM Toys 0579,14603.08,4453.08,36,41
Toys,P000428,BrightPlay Dolls 0428,14333.43,6982.95,37,26
Toys,P000662,WonderBox STEM Toys 0662,14131.03,4581.27,38,40
Toys,P000704,Kidora Board Games 0704,13254.64,6596.56,39,28
Toys,P000101,BrightPlay Board Games 0101,13111.77,3837.57,40,44
Toys,P000116,WonderBox Board Games 0116,13090.84,3993.76,41,42
Toys,P000502,WonderBox STEM Toys 0502,12692.24,5611.74,42,35
Toys,P000291,WonderBox Dolls 0291,12121.56,3648.82,43,46
Toys,P000406,Kidora Dolls 0406,11943.96,6362.84,44,30
Toys,P000252,WonderBox Outdoor Toys 0252,11031.34,3423.28,45,49
Toys,P000575,WonderBox Outdoor Toys 0575,10063.45,2615.45,46,54
Toys,P000198,PuzzleWorks Outdoor Toys 0198,9423.76,4929.46,47,38
Toys,P000646,WonderBox Dolls 0646,9202.08,3530.72,48,48
Toys,P000512,BrightPlay Board Games 0512,8984.19,2956.78,49,53
Toys,P000692,BrightPlay Board Games 0692,8310.56,3985.56,50,43
Toys,P000521,PuzzleWorks Dolls 0521,8278.56,3322.2,51,50
Toys,P000695,Kidora Board Games 0695,7887.61,2964.25,52,52
Toys,P000295,Kidora STEM Toys 0295,7344.54,3782.94,53,45
Toys,P000540,Kidora Outdoor Toys 0540,6459.93,1586.29,54,60
Toys,P000572,BrightPlay Board Games 0572,6200.5,1765.52,55,58
Toys,P000194,WonderBox Board Games 0194,5758.34,3067.07,56,51
Toys,P000042,Kidora Board Games 0042,5406.04,2511.28,57,55
Toys,P000408,BrightPlay Outdoor Toys 0408,5173.36,2445.13,58,56
Toys,P000603,Kidora Board Games 0603,4811.31,1644.44,59,59
Toys,P000441,WonderBox Board Games 0441,4044.04,1859.2,60,57
Toys,P000003,Kidora Dolls 0003,2473.54,966.94,61,61
Toys,P000640,PuzzleWorks Dolls 0640,2072.54,764.34,62,62
